ICM-Hydro_comp,er_n,deltaic(1)_chenier(2),upland_area_m2_outside_of_Morph_domain,water_area_m2_outside_of_Morph_domain,er,name
1,1,1,50743100,0,MRP,Maurepas
2,1,1,2323090,0,MRP,Maurepas
3,1,1,0,0,MRP,Maurepas
4,1,1,0,0,MRP,Maurepas
5,1,1,3519570,0,MRP,Maurepas
6,1,1,21301600,0,MRP,Maurepas
7,1,1,2421750,0,MRP,Maurepas
8,1,1,7574170,0,MRP,Maurepas
9,1,1,4877080,0,MRP,Maurepas
10,1,1,13462000,0,MRP,Maurepas
11,2,1,142464,0,LPO,Lake_Pontchartrain
12,2,1,137956,0,LPO,Lake_Pontchartrain
13,33,-9999,271391000,0,-9999,-9999
14,2,1,56305600,0,LPO,Lake_Pontchartrain
15,1,1,113591,0,MRP,Maurepas
16,1,1,0,0,MRP,Maurepas
17,1,1,0,0,MRP,Maurepas
18,1,1,0,0,MRP,Maurepas
19,1,1,0,0,MRP,Maurepas
20,1,1,0,0,MRP,Maurepas
21,1,1,0,0,MRP,Maurepas
22,1,1,0,0,MRP,Maurepas
23,1,1,0,0,MRP,Maurepas
24,1,1,0,0,MRP,Maurepas
25,1,1,30203.5,0,MRP,Maurepas
26,1,1,0,0,MRP,Maurepas
27,1,1,0,0,MRP,Maurepas
28,1,1,429745,0,MRP,Maurepas
29,1,1,4659480,0,MRP,Maurepas
30,1,1,0,0,MRP,Maurepas
31,1,1,138974,0,MRP,Maurepas
32,1,1,43419.7,0,MRP,Maurepas
33,1,1,0,0,MRP,Maurepas
34,1,1,88.61,0,MRP,Maurepas
35,2,1,95790.1,0,LPO,Lake_Pontchartrain
36,2,1,8093.19,0,LPO,Lake_Pontchartrain
37,2,1,66536.5,0,LPO,Lake_Pontchartrain
38,2,1,873773,0,LPO,Lake_Pontchartrain
39,2,1,0,0,LPO,Lake_Pontchartrain
40,2,1,0,0,LPO,Lake_Pontchartrain
41,2,1,37897.1,0,LPO,Lake_Pontchartrain
42,2,1,12110000,0,LPO,Lake_Pontchartrain
43,3,1,0,0,LBO,Lake_Borgne
44,3,1,15639.3,0,LBO,Lake_Borgne
45,3,1,9846860,0,LBO,Lake_Borgne
46,3,1,15649600,0,LBO,Lake_Borgne
47,3,1,5631900,0,LBO,Lake_Borgne
48,3,1,379660,0,LBO,Lake_Borgne
49,3,1,0,0,LBO,Lake_Borgne
50,3,1,0,0,LBO,Lake_Borgne
51,33,-9999,48612200,0,-9999,-9999
52,33,-9999,52949800,0,-9999,-9999
53,33,-9999,120115000,0,-9999,-9999
54,33,-9999,39051300,0,-9999,-9999
55,3,1,4950.13,0,LBO,Lake_Borgne
56,3,1,0,0,LBO,Lake_Borgne
57,3,1,0,85972.1,LBO,Lake_Borgne
58,3,1,0,0,LBO,Lake_Borgne
59,3,1,0,0,LBO,Lake_Borgne
60,3,1,0,0,LBO,Lake_Borgne
61,3,1,13878,0,LBO,Lake_Borgne
62,3,1,18878.1,0,LBO,Lake_Borgne
63,4,1,0,0,CHS,Chandeleur_Sound
64,4,1,0,0,CHS,Chandeleur_Sound
65,4,1,0,0,CHS,Chandeleur_Sound
66,4,1,0,0,CHS,Chandeleur_Sound
67,4,1,86604.4,0,CHS,Chandeleur_Sound
68,33,-9999,0,823979000,-9999,-9999
69,33,-9999,139253000,0,-9999,-9999
70,4,1,45306,0,CHS,Chandeleur_Sound
71,4,1,19753.2,0,CHS,Chandeleur_Sound
72,4,1,61878.9,0,CHS,Chandeleur_Sound
73,4,1,0,0,CHS,Chandeleur_Sound
74,4,1,0,0,CHS,Chandeleur_Sound
75,4,1,0,0,CHS,Chandeleur_Sound
76,4,1,0,0,CHS,Chandeleur_Sound
77,4,1,0,0,CHS,Chandeleur_Sound
78,4,1,0,0,CHS,Chandeleur_Sound
79,4,1,0,0,CHS,Chandeleur_Sound
80,3,1,389055,0,LBO,Lake_Borgne
81,3,1,56270.1,0,LBO,Lake_Borgne
82,3,1,981395,0,LBO,Lake_Borgne
83,6,1,238245,0,UBR,Upper_Breton
84,6,1,0,0,UBR,Upper_Breton
85,6,1,0,0,UBR,Upper_Breton
86,33,-9999,39949000,0,-9999,-9999
87,33,-9999,33040400,0,-9999,-9999
88,33,-9999,1040190,0,-9999,-9999
89,33,-9999,10418400,0,-9999,-9999
90,33,-9999,19937000,0,-9999,-9999
91,33,-9999,4548840,0,-9999,-9999
92,6,1,13971.3,0,UBR,Upper_Breton
93,6,1,15138.8,0,UBR,Upper_Breton
94,6,1,0,0,UBR,Upper_Breton
95,6,1,149547,0,UBR,Upper_Breton
96,6,1,0,0,UBR,Upper_Breton
97,6,1,0,0,UBR,Upper_Breton
98,6,1,0,0,UBR,Upper_Breton
99,6,1,0,0,UBR,Upper_Breton
100,6,1,453139,0,UBR,Upper_Breton
101,6,1,0,0,UBR,Upper_Breton
102,6,1,0,0,UBR,Upper_Breton
103,6,1,0,0,UBR,Upper_Breton
104,6,1,0,0,UBR,Upper_Breton
105,6,1,380963,0,UBR,Upper_Breton
106,6,1,0,0,UBR,Upper_Breton
107,6,1,0,0,UBR,Upper_Breton
108,6,1,0,0,UBR,Upper_Breton
109,6,1,0,0,UBR,Upper_Breton
110,6,1,0,0,UBR,Upper_Breton
111,6,1,0,0,UBR,Upper_Breton
112,6,1,0,0,UBR,Upper_Breton
113,6,1,0,0,UBR,Upper_Breton
114,6,1,0,0,UBR,Upper_Breton
115,6,1,0,0,UBR,Upper_Breton
116,6,1,0,0,UBR,Upper_Breton
117,6,1,0,0,UBR,Upper_Breton
118,6,1,0,0,UBR,Upper_Breton
119,6,1,174295,0,UBR,Upper_Breton
120,6,1,200621,0,UBR,Upper_Breton
121,33,-9999,14092100,0,-9999,-9999
122,6,1,0,0,UBR,Upper_Breton
123,6,1,0,0,UBR,Upper_Breton
124,6,1,0,0,UBR,Upper_Breton
125,6,1,0,0,UBR,Upper_Breton
126,6,1,0,0,UBR,Upper_Breton
127,7,1,0,0,LBR,Lower_Breton
128,6,1,0,0,UBR,Upper_Breton
129,6,1,93023.2,0,UBR,Upper_Breton
130,7,1,24421.8,0,LBR,Lower_Breton
131,7,1,119.074,0,LBR,Lower_Breton
132,7,1,96171.1,0,LBR,Lower_Breton
133,7,1,0,0,LBR,Lower_Breton
134,7,1,5396.73,0,LBR,Lower_Breton
135,7,1,15522.7,0,LBR,Lower_Breton
136,7,1,10205.5,0,LBR,Lower_Breton
137,6,1,0,0,UBR,Upper_Breton
138,7,1,0,0,LBR,Lower_Breton
139,7,1,0,0,LBR,Lower_Breton
140,7,1,0,0,LBR,Lower_Breton
141,7,1,0,0,LBR,Lower_Breton
142,7,1,0,0,LBR,Lower_Breton
143,4,1,0,0,CHS,Chandeleur_Sound
144,4,1,0,0,CHS,Chandeleur_Sound
145,33,-9999,77749400,0,-9999,-9999
146,33,-9999,153178000,0,-9999,-9999
147,11,1,19818.7,0,MBA,Mid_Barataria
148,11,1,714278,0,MBA,Mid_Barataria
149,11,1,0,0,MBA,Mid_Barataria
150,11,1,0,0,MBA,Mid_Barataria
151,11,1,36661.1,0,MBA,Mid_Barataria
152,11,1,3376040,0,MBA,Mid_Barataria
153,11,1,0,0,MBA,Mid_Barataria
154,11,1,0,0,MBA,Mid_Barataria
155,11,1,0,0,MBA,Mid_Barataria
156,11,1,18237.1,0,MBA,Mid_Barataria
157,11,1,39998300,0,MBA,Mid_Barataria
158,11,1,28447.7,0,MBA,Mid_Barataria
159,11,1,3190860,0,MBA,Mid_Barataria
160,11,1,35023000,0,MBA,Mid_Barataria
161,11,1,13264900,0,MBA,Mid_Barataria
162,10,1,28964300,0,UBA,Upper_Barataria
163,10,1,13145900,0,UBA,Upper_Barataria
164,10,1,744037,0,UBA,Upper_Barataria
165,10,1,153146,0,UBA,Upper_Barataria
166,10,1,0,0,UBA,Upper_Barataria
167,10,1,23750.3,0,UBA,Upper_Barataria
168,10,1,0,0,UBA,Upper_Barataria
169,10,1,3430210,0,UBA,Upper_Barataria
170,10,1,0,0,UBA,Upper_Barataria
171,10,1,18451800,0,UBA,Upper_Barataria
172,10,1,46239500,0,UBA,Upper_Barataria
173,10,1,42869800,0,UBA,Upper_Barataria
174,10,1,91553600,0,UBA,Upper_Barataria
175,10,1,2902590,0,UBA,Upper_Barataria
176,10,1,0,0,UBA,Upper_Barataria
177,10,1,312113,0,UBA,Upper_Barataria
178,10,1,1314840,0,UBA,Upper_Barataria
179,10,1,11329000,0,UBA,Upper_Barataria
180,10,1,23278800,0,UBA,Upper_Barataria
181,10,1,29743300,0,UBA,Upper_Barataria
182,10,1,44630400,0,UBA,Upper_Barataria
183,10,1,0,0,UBA,Upper_Barataria
184,10,1,0,0,UBA,Upper_Barataria
185,10,1,0,0,UBA,Upper_Barataria
186,10,1,3601670,0,UBA,Upper_Barataria
187,10,1,57357200,0,UBA,Upper_Barataria
188,33,-9999,72174000,0,-9999,-9999
189,33,-9999,9118460,0,-9999,-9999
190,33,-9999,23840800,0,-9999,-9999
191,33,-9999,23345700,0,-9999,-9999
192,13,1,177923,0,LBAne,Lower_Barataria_northeast
193,13,1,1503460,0,LBAne,Lower_Barataria_northeast
194,17,1,4169230,0,LBAse,Lower_Barataria_southeast
195,17,1,7780070,0,LBAse,Lower_Barataria_southeast
196,17,1,1532990,0,LBAse,Lower_Barataria_southeast
197,17,1,4588250,0,LBAse,Lower_Barataria_southeast
198,17,1,6768360,0,LBAse,Lower_Barataria_southeast
199,17,1,2034500,0,LBAse,Lower_Barataria_southeast
200,17,1,2677490,0,LBAse,Lower_Barataria_southeast
201,17,1,1854660,0,LBAse,Lower_Barataria_southeast
202,12,1,91000300,0,LBAnw,Lower_Barataria_northwest
203,15,1,5427460,0,LBAsw,Lower_Barataria_southwest
204,12,1,70752.2,0,LBAnw,Lower_Barataria_northwest
205,12,1,0,0,LBAnw,Lower_Barataria_northwest
206,12,1,0,0,LBAnw,Lower_Barataria_northwest
207,12,1,0,0,LBAnw,Lower_Barataria_northwest
208,12,1,0,0,LBAnw,Lower_Barataria_northwest
209,12,1,0,0,LBAnw,Lower_Barataria_northwest
210,12,1,0,0,LBAnw,Lower_Barataria_northwest
211,12,1,0,0,LBAnw,Lower_Barataria_northwest
212,12,1,81233.6,0,LBAnw,Lower_Barataria_northwest
213,12,1,17092,0,LBAnw,Lower_Barataria_northwest
214,12,1,0,0,LBAnw,Lower_Barataria_northwest
215,15,1,28786.6,0,LBAsw,Lower_Barataria_southwest
216,15,1,0,0,LBAsw,Lower_Barataria_southwest
217,15,1,0,0,LBAsw,Lower_Barataria_southwest
218,15,1,0,0,LBAsw,Lower_Barataria_southwest
219,15,1,0,0,LBAsw,Lower_Barataria_southwest
220,15,1,1310.35,0,LBAsw,Lower_Barataria_southwest
221,15,1,0,0,LBAsw,Lower_Barataria_southwest
222,15,1,0,0,LBAsw,Lower_Barataria_southwest
223,15,1,691200,0,LBAsw,Lower_Barataria_southwest
224,13,1,329868,0,LBAne,Lower_Barataria_northeast
225,13,1,21234.7,0,LBAne,Lower_Barataria_northeast
226,13,1,49127.6,0,LBAne,Lower_Barataria_northeast
227,13,1,89198.3,0,LBAne,Lower_Barataria_northeast
228,13,1,0,0,LBAne,Lower_Barataria_northeast
229,13,1,0,0,LBAne,Lower_Barataria_northeast
230,13,1,0,0,LBAne,Lower_Barataria_northeast
231,13,1,33659,0,LBAne,Lower_Barataria_northeast
232,13,1,0,0,LBAne,Lower_Barataria_northeast
233,13,1,0,0,LBAne,Lower_Barataria_northeast
234,13,1,0,0,LBAne,Lower_Barataria_northeast
235,13,1,15336.3,0,LBAne,Lower_Barataria_northeast
236,13,1,8157.81,0,LBAne,Lower_Barataria_northeast
237,13,1,0,0,LBAne,Lower_Barataria_northeast
238,13,1,0,0,LBAne,Lower_Barataria_northeast
239,13,1,0,0,LBAne,Lower_Barataria_northeast
240,13,1,0,0,LBAne,Lower_Barataria_northeast
241,13,1,0,0,LBAne,Lower_Barataria_northeast
242,13,1,0,0,LBAne,Lower_Barataria_northeast
243,17,1,0,0,LBAse,Lower_Barataria_southeast
244,17,1,0,0,LBAse,Lower_Barataria_southeast
245,17,1,70617.9,0,LBAse,Lower_Barataria_southeast
246,17,1,13438.4,0,LBAse,Lower_Barataria_southeast
247,13,1,0,0,LBAne,Lower_Barataria_northeast
248,13,1,0,0,LBAne,Lower_Barataria_northeast
249,13,1,0,0,LBAne,Lower_Barataria_northeast
250,13,1,0,0,LBAne,Lower_Barataria_northeast
251,17,1,0,0,LBAse,Lower_Barataria_southeast
252,17,1,0,0,LBAse,Lower_Barataria_southeast
253,17,1,0,0,LBAse,Lower_Barataria_southeast
254,17,1,0,0,LBAse,Lower_Barataria_southeast
255,17,1,0,0,LBAse,Lower_Barataria_southeast
256,17,1,12.9298,0,LBAse,Lower_Barataria_southeast
257,17,1,0,0,LBAse,Lower_Barataria_southeast
258,17,1,41269.3,0,LBAse,Lower_Barataria_southeast
259,17,1,32512.1,0,LBAse,Lower_Barataria_southeast
260,17,1,30055,0,LBAse,Lower_Barataria_southeast
261,17,1,0,0,LBAse,Lower_Barataria_southeast
262,17,1,0,0,LBAse,Lower_Barataria_southeast
263,17,1,0,0,LBAse,Lower_Barataria_southeast
264,9,1,43704.7,0,BFD,Birdsfoot_Delta
265,9,1,0,0,BFD,Birdsfoot_Delta
266,9,1,29052.7,0,BFD,Birdsfoot_Delta
267,9,1,0,0,BFD,Birdsfoot_Delta
268,9,1,0,0,BFD,Birdsfoot_Delta
269,9,1,0,0,BFD,Birdsfoot_Delta
270,9,1,0,0,BFD,Birdsfoot_Delta
271,9,1,0,0,BFD,Birdsfoot_Delta
272,9,1,0,0,BFD,Birdsfoot_Delta
273,9,1,0,0,BFD,Birdsfoot_Delta
274,9,1,0,0,BFD,Birdsfoot_Delta
275,9,1,0,0,BFD,Birdsfoot_Delta
276,9,1,0,0,BFD,Birdsfoot_Delta
277,9,1,0,0,BFD,Birdsfoot_Delta
278,9,1,0,0,BFD,Birdsfoot_Delta
279,9,1,0,0,BFD,Birdsfoot_Delta
280,9,1,0,0,BFD,Birdsfoot_Delta
281,9,1,0,0,BFD,Birdsfoot_Delta
282,9,1,0,0,BFD,Birdsfoot_Delta
283,9,1,0,0,BFD,Birdsfoot_Delta
284,9,1,0,0,BFD,Birdsfoot_Delta
285,9,1,0,0,BFD,Birdsfoot_Delta
286,9,1,0,4642470,BFD,Birdsfoot_Delta
287,9,1,0,14345.5,BFD,Birdsfoot_Delta
288,9,1,20060.4,0,BFD,Birdsfoot_Delta
289,9,1,0,0,BFD,Birdsfoot_Delta
290,9,1,0,0,BFD,Birdsfoot_Delta
291,9,1,0,0,BFD,Birdsfoot_Delta
292,9,1,27849.1,0,BFD,Birdsfoot_Delta
293,9,1,0,0,BFD,Birdsfoot_Delta
294,9,1,0,0,BFD,Birdsfoot_Delta
295,9,1,0,0,BFD,Birdsfoot_Delta
296,9,1,0,54410,BFD,Birdsfoot_Delta
297,9,1,0,25935.6,BFD,Birdsfoot_Delta
298,9,1,0,7038440,BFD,Birdsfoot_Delta
299,33,-9999,457957000,0,-9999,-9999
300,33,-9999,1346060000,0,-9999,-9999
301,33,-9999,1447100000,0,-9999,-9999
302,4,1,0,106231000,CHS,Chandeleur_Sound
303,4,1,0,103078000,CHS,Chandeleur_Sound
304,4,1,0,98880600,CHS,Chandeleur_Sound
305,4,1,0,97660900,CHS,Chandeleur_Sound
306,7,1,0,63558200,LBR,Lower_Breton
307,7,1,0,0,LBR,Lower_Breton
308,9,1,0,15094600,BFD,Birdsfoot_Delta
309,9,1,0,9586090,BFD,Birdsfoot_Delta
310,9,1,0,90817,BFD,Birdsfoot_Delta
311,9,1,0,66152.8,BFD,Birdsfoot_Delta
312,9,1,0,52529.5,BFD,Birdsfoot_Delta
313,17,1,0,48973.4,LBAse,Lower_Barataria_southeast
314,17,1,0,17585.4,LBAse,Lower_Barataria_southeast
315,17,1,0,86912.8,LBAse,Lower_Barataria_southeast
316,15,1,0,46265200,LBAsw,Lower_Barataria_southwest
317,33,-9999,0,128819000,-9999,-9999
318,33,-9999,0,162222000,-9999,-9999
319,33,-9999,0,172303000,-9999,-9999
320,33,-9999,0,281793000,-9999,-9999
321,9,1,0,323917000,BFD,Birdsfoot_Delta
322,33,-9999,0,325091000,-9999,-9999
323,33,-9999,0,463636000,-9999,-9999
324,33,-9999,0,384403000,-9999,-9999
325,33,-9999,0,559295000,-9999,-9999
326,33,-9999,0,347510000,-9999,-9999
327,33,-9999,0,318073000,-9999,-9999
328,33,-9999,0,180469000,-9999,-9999
329,33,-9999,0,146453000,-9999,-9999
330,33,-9999,0,558604000,-9999,-9999
331,33,-9999,0,422528000,-9999,-9999
332,33,-9999,0,316562000,-9999,-9999
333,33,-9999,0,369959000,-9999,-9999
334,33,-9999,0,334266000,-9999,-9999
335,33,-9999,0,366041000,-9999,-9999
336,33,-9999,0,540572000,-9999,-9999
337,33,-9999,0,1681590000,-9999,-9999
338,33,-9999,0,1699870000,-9999,-9999
339,33,-9999,0,1276610000,-9999,-9999
340,33,-9999,0,1226350000,-9999,-9999
341,33,-9999,0,531845000,-9999,-9999
342,33,-9999,0,441760000,-9999,-9999
343,33,-9999,0,450445000,-9999,-9999
344,33,-9999,0,340919000,-9999,-9999
345,33,-9999,0,605998000,-9999,-9999
346,33,-9999,0,1430380000,-9999,-9999
347,33,-9999,0,1938470000,-9999,-9999
348,33,-9999,0,1390770000,-9999,-9999
349,33,-9999,0,1114430000,-9999,-9999
350,33,-9999,0,1109250000,-9999,-9999
351,33,-9999,0,721891000,-9999,-9999
352,33,-9999,0,444511000,-9999,-9999
353,33,-9999,0,733689000,-9999,-9999
354,33,-9999,0,743050000,-9999,-9999
355,1,1,0,0,MRP,Maurepas
356,1,1,47159.6,0,MRP,Maurepas
357,1,1,0,0,MRP,Maurepas
358,1,1,0,0,MRP,Maurepas
359,2,1,6091.32,0,LPO,Lake_Pontchartrain
360,3,1,98.0334,0,LBO,Lake_Borgne
361,3,1,0,0,LBO,Lake_Borgne
362,3,1,0,0,LBO,Lake_Borgne
363,3,1,93627.1,0,LBO,Lake_Borgne
364,3,1,29858.4,0,LBO,Lake_Borgne
365,3,1,13979.6,0,LBO,Lake_Borgne
366,3,1,0,0,LBO,Lake_Borgne
367,3,1,235744,0,LBO,Lake_Borgne
368,3,1,0,0,LBO,Lake_Borgne
369,33,-9999,2591830,0,-9999,-9999
370,33,-9999,2293220,0,-9999,-9999
371,11,1,243249,0,MBA,Mid_Barataria
372,13,1,0,0,LBAne,Lower_Barataria_northeast
373,11,1,0,0,MBA,Mid_Barataria
374,7,1,381.054,0,LBR,Lower_Breton
375,2,1,0,0,LPO,Lake_Pontchartrain
376,9,1,0,0,BFD,Birdsfoot_Delta
377,9,1,0,0,BFD,Birdsfoot_Delta
378,9,1,0,0,BFD,Birdsfoot_Delta
379,9,1,0,0,BFD,Birdsfoot_Delta
380,9,1,2509.68,0,BFD,Birdsfoot_Delta
381,9,1,0,0,BFD,Birdsfoot_Delta
382,6,1,0,0,UBR,Upper_Breton
383,33,-9999,0,611165000,-9999,-9999
384,33,-9999,0,752396000,-9999,-9999
385,27,1,144419,0,ATD,Atchafalaya_Delta
386,28,1,0,126349,TVB,Teche_Vermilion_Bays
387,33,-9999,0,515225000,-9999,-9999
388,26,1,616031000,0,ATB,Atchafalaya_Basin
389,26,1,49779500,0,ATB,Atchafalaya_Basin
390,33,-9999,0,0,-9999,-9999
391,26,1,327599000,0,ATB,Atchafalaya_Basin
392,26,1,178232000,0,ATB,Atchafalaya_Basin
393,26,1,216500000,0,ATB,Atchafalaya_Basin
394,26,1,286337000,0,ATB,Atchafalaya_Basin
395,33,-9999,0,0,-9999,-9999
396,26,1,162029,0,ATB,Atchafalaya_Basin
397,26,1,2614510,0,ATB,Atchafalaya_Basin
398,28,1,0,0,TVB,Teche_Vermilion_Bays
399,28,1,6723.6,0,TVB,Teche_Vermilion_Bays
400,28,1,7561220,0,TVB,Teche_Vermilion_Bays
401,26,1,72369.4,0,ATB,Atchafalaya_Basin
402,26,1,0,0,ATB,Atchafalaya_Basin
403,26,1,0,0,ATB,Atchafalaya_Basin
404,26,1,0,0,ATB,Atchafalaya_Basin
405,26,1,85885.6,0,ATB,Atchafalaya_Basin
406,20,1,0,0,VRT,Verret
407,27,1,7942550,0,ATD,Atchafalaya_Delta
408,26,1,29877.8,0,ATB,Atchafalaya_Basin
409,26,1,0,0,ATB,Atchafalaya_Basin
410,19,1,0,0,UVR,Upper_Verret_Basin
411,26,1,0,0,ATB,Atchafalaya_Basin
412,28,1,0,0,TVB,Teche_Vermilion_Bays
413,19,1,92875200,0,UVR,Upper_Verret_Basin
414,26,1,138244,0,ATB,Atchafalaya_Basin
415,26,1,0,0,ATB,Atchafalaya_Basin
416,20,1,22913500,0,VRT,Verret
417,26,1,0,0,ATB,Atchafalaya_Basin
418,26,1,0,0,ATB,Atchafalaya_Basin
419,19,1,430559000,0,UVR,Upper_Verret_Basin
420,26,1,0,0,ATB,Atchafalaya_Basin
421,28,1,20202.3,0,TVB,Teche_Vermilion_Bays
422,28,1,0,0,TVB,Teche_Vermilion_Bays
423,28,1,0,0,TVB,Teche_Vermilion_Bays
424,27,1,59772.9,0,ATD,Atchafalaya_Delta
425,28,1,4112600,0,TVB,Teche_Vermilion_Bays
426,28,1,1750220,0,TVB,Teche_Vermilion_Bays
427,28,1,0,0,TVB,Teche_Vermilion_Bays
428,28,1,265253,0,TVB,Teche_Vermilion_Bays
429,28,1,61162.3,0,TVB,Teche_Vermilion_Bays
430,28,1,1106600,0,TVB,Teche_Vermilion_Bays
431,28,1,23077.5,0,TVB,Teche_Vermilion_Bays
432,28,1,735352,0,TVB,Teche_Vermilion_Bays
433,27,1,51765300,0,ATD,Atchafalaya_Delta
434,27,1,23715.8,0,ATD,Atchafalaya_Delta
435,28,1,0,0,TVB,Teche_Vermilion_Bays
436,28,1,70857.7,0,TVB,Teche_Vermilion_Bays
437,28,1,15940.7,0,TVB,Teche_Vermilion_Bays
438,20,1,40652.7,0,VRT,Verret
439,20,1,52388900,0,VRT,Verret
440,20,1,48687200,0,VRT,Verret
441,27,1,50088500,0,ATD,Atchafalaya_Delta
442,27,1,19482800,0,ATD,Atchafalaya_Delta
443,24,1,0,0,WTE,Western_Terrebonne
444,24,1,4259980,0,WTE,Western_Terrebonne
445,27,1,15375,0,ATD,Atchafalaya_Delta
446,27,1,25859.1,0,ATD,Atchafalaya_Delta
447,27,1,0,0,ATD,Atchafalaya_Delta
448,27,1,0,0,ATD,Atchafalaya_Delta
449,27,1,0,0,ATD,Atchafalaya_Delta
450,28,1,0,0,TVB,Teche_Vermilion_Bays
451,27,1,0,0,ATD,Atchafalaya_Delta
452,28,1,0,0,TVB,Teche_Vermilion_Bays
453,28,1,0,0,TVB,Teche_Vermilion_Bays
454,28,1,0,0,TVB,Teche_Vermilion_Bays
455,28,1,0,0,TVB,Teche_Vermilion_Bays
456,19,1,68556200,0,UVR,Upper_Verret_Basin
457,20,1,141310000,0,VRT,Verret
458,21,1,35794800,0,ETB,Eastern_Terrebonne
459,21,1,19635300,0,ETB,Eastern_Terrebonne
460,26,1,0,0,ATB,Atchafalaya_Basin
461,28,1,0,0,TVB,Teche_Vermilion_Bays
462,24,1,0,0,WTE,Western_Terrebonne
463,24,1,31585.2,0,WTE,Western_Terrebonne
464,24,1,13142.5,0,WTE,Western_Terrebonne
465,27,1,0,0,ATD,Atchafalaya_Delta
466,24,1,61932,0,WTE,Western_Terrebonne
467,24,1,13511.2,0,WTE,Western_Terrebonne
468,23,1,0,0,PEN,Penchant
469,23,1,0,0,PEN,Penchant
470,24,1,0,0,WTE,Western_Terrebonne
471,23,1,0,0,PEN,Penchant
472,24,1,0,0,WTE,Western_Terrebonne
473,24,1,0,0,WTE,Western_Terrebonne
474,23,1,0,0,PEN,Penchant
475,24,1,0,0,WTE,Western_Terrebonne
476,24,1,0,0,WTE,Western_Terrebonne
477,24,1,0,0,WTE,Western_Terrebonne
478,21,1,0,0,ETB,Eastern_Terrebonne
479,21,1,1496350,0,ETB,Eastern_Terrebonne
480,21,1,0,0,ETB,Eastern_Terrebonne
481,24,1,0,0,WTE,Western_Terrebonne
482,21,1,0,48472500,ETB,Eastern_Terrebonne
483,21,1,0,0,ETB,Eastern_Terrebonne
484,21,1,0,0,ETB,Eastern_Terrebonne
485,21,1,24001100,0,ETB,Eastern_Terrebonne
486,24,1,0,0,WTE,Western_Terrebonne
487,24,1,0,0,WTE,Western_Terrebonne
488,20,1,18273900,0,VRT,Verret
489,20,1,22805900,0,VRT,Verret
490,24,1,1395660,0,WTE,Western_Terrebonne
491,24,1,1302450,0,WTE,Western_Terrebonne
492,24,1,518127,0,WTE,Western_Terrebonne
493,21,1,2574950,0,ETB,Eastern_Terrebonne
494,24,1,0,106684000,WTE,Western_Terrebonne
495,27,1,0,0,ATD,Atchafalaya_Delta
496,27,1,0,0,ATD,Atchafalaya_Delta
497,24,1,0,0,WTE,Western_Terrebonne
498,33,-9999,0,715028000,-9999,-9999
499,27,1,33068900,0,ATD,Atchafalaya_Delta
500,20,1,9188730,0,VRT,Verret
501,19,1,379527000,0,UVR,Upper_Verret_Basin
502,19,1,52517200,0,UVR,Upper_Verret_Basin
503,19,1,22242.9,0,UVR,Upper_Verret_Basin
504,19,1,70011600,0,UVR,Upper_Verret_Basin
505,21,1,24184400,0,ETB,Eastern_Terrebonne
506,21,1,4881.8,0,ETB,Eastern_Terrebonne
507,21,1,16619.9,0,ETB,Eastern_Terrebonne
508,21,1,14036.8,0,ETB,Eastern_Terrebonne
509,21,1,0,0,ETB,Eastern_Terrebonne
510,21,1,58360.6,0,ETB,Eastern_Terrebonne
511,24,1,18559100,0,WTE,Western_Terrebonne
512,21,1,15295.1,0,ETB,Eastern_Terrebonne
513,21,1,1430220,0,ETB,Eastern_Terrebonne
514,24,1,49560.4,0,WTE,Western_Terrebonne
515,21,1,15430200,0,ETB,Eastern_Terrebonne
516,21,1,87824.8,0,ETB,Eastern_Terrebonne
517,21,1,264253,0,ETB,Eastern_Terrebonne
518,21,1,940234,0,ETB,Eastern_Terrebonne
519,21,1,426899,0,ETB,Eastern_Terrebonne
520,21,1,22416500,0,ETB,Eastern_Terrebonne
521,21,1,2319260,0,ETB,Eastern_Terrebonne
522,24,1,178609,0,WTE,Western_Terrebonne
523,24,1,29271800,0,WTE,Western_Terrebonne
524,20,1,22217400,0,VRT,Verret
525,20,1,0,0,VRT,Verret
526,23,1,0,0,PEN,Penchant
527,24,1,13481400,0,WTE,Western_Terrebonne
528,21,1,499222,0,ETB,Eastern_Terrebonne
529,26,1,495.493,0,ATB,Atchafalaya_Basin
530,21,1,0,0,ETB,Eastern_Terrebonne
531,24,1,0,0,WTE,Western_Terrebonne
532,21,1,0,0,ETB,Eastern_Terrebonne
533,21,1,0,0,ETB,Eastern_Terrebonne
534,21,1,3776040,0,ETB,Eastern_Terrebonne
535,21,1,15224200,0,ETB,Eastern_Terrebonne
536,21,1,4338420,0,ETB,Eastern_Terrebonne
537,21,1,12918400,0,ETB,Eastern_Terrebonne
538,21,1,0,0,ETB,Eastern_Terrebonne
539,21,1,0,0,ETB,Eastern_Terrebonne
540,21,1,0,0,ETB,Eastern_Terrebonne
541,26,1,0,0,ATB,Atchafalaya_Basin
542,26,1,0,0,ATB,Atchafalaya_Basin
543,28,1,0,0,TVB,Teche_Vermilion_Bays
544,28,1,0,0,TVB,Teche_Vermilion_Bays
545,28,1,0,0,TVB,Teche_Vermilion_Bays
546,28,1,0,0,TVB,Teche_Vermilion_Bays
547,28,1,0,0,TVB,Teche_Vermilion_Bays
548,28,1,0,0,TVB,Teche_Vermilion_Bays
549,28,1,0,0,TVB,Teche_Vermilion_Bays
550,28,1,0,0,TVB,Teche_Vermilion_Bays
551,28,1,0,0,TVB,Teche_Vermilion_Bays
552,28,1,0,0,TVB,Teche_Vermilion_Bays
553,28,1,0,0,TVB,Teche_Vermilion_Bays
554,33,-9999,0,428580000,-9999,-9999
555,27,1,0,34820100,ATD,Atchafalaya_Delta
556,27,1,0,0,ATD,Atchafalaya_Delta
557,28,1,0,0,TVB,Teche_Vermilion_Bays
558,28,1,0,0,TVB,Teche_Vermilion_Bays
559,28,1,0,0,TVB,Teche_Vermilion_Bays
560,28,1,0,0,TVB,Teche_Vermilion_Bays
561,28,1,0,107147,TVB,Teche_Vermilion_Bays
562,28,1,0,0,TVB,Teche_Vermilion_Bays
563,28,1,0,0,TVB,Teche_Vermilion_Bays
564,28,1,0,0,TVB,Teche_Vermilion_Bays
565,28,1,0,0,TVB,Teche_Vermilion_Bays
566,28,1,0,0,TVB,Teche_Vermilion_Bays
567,28,1,0,0,TVB,Teche_Vermilion_Bays
568,28,1,0,0,TVB,Teche_Vermilion_Bays
569,28,1,0,0,TVB,Teche_Vermilion_Bays
570,28,1,0,0,TVB,Teche_Vermilion_Bays
571,28,1,0,0,TVB,Teche_Vermilion_Bays
572,33,-9999,0,614240000,-9999,-9999
573,27,1,0,0,ATD,Atchafalaya_Delta
574,28,1,0,0,TVB,Teche_Vermilion_Bays
575,28,1,0,0,TVB,Teche_Vermilion_Bays
576,27,1,11391.4,0,ATD,Atchafalaya_Delta
577,27,1,0,0,ATD,Atchafalaya_Delta
578,27,1,0,0,ATD,Atchafalaya_Delta
579,28,1,0,0,TVB,Teche_Vermilion_Bays
580,28,1,4228.21,0,TVB,Teche_Vermilion_Bays
581,27,1,0,0,ATD,Atchafalaya_Delta
582,26,1,19089200,0,ATB,Atchafalaya_Basin
583,26,1,0,0,ATB,Atchafalaya_Basin
584,26,1,0,0,ATB,Atchafalaya_Basin
585,19,1,1129760,0,UVR,Upper_Verret_Basin
586,26,1,0,0,ATB,Atchafalaya_Basin
587,20,1,189747,0,VRT,Verret
588,26,1,0,0,ATB,Atchafalaya_Basin
589,26,1,0,0,ATB,Atchafalaya_Basin
590,20,1,11496100,0,VRT,Verret
591,20,1,24740.9,0,VRT,Verret
592,27,1,0,0,ATD,Atchafalaya_Delta
593,23,1,0,0,PEN,Penchant
594,27,1,0,0,ATD,Atchafalaya_Delta
595,27,1,0,0,ATD,Atchafalaya_Delta
596,27,1,0,0,ATD,Atchafalaya_Delta
597,27,1,0,0,ATD,Atchafalaya_Delta
598,27,1,0,0,ATD,Atchafalaya_Delta
599,27,1,0,0,ATD,Atchafalaya_Delta
600,27,1,0,0,ATD,Atchafalaya_Delta
601,27,1,0,0,ATD,Atchafalaya_Delta
602,27,1,0,0,ATD,Atchafalaya_Delta
603,27,1,0,0,ATD,Atchafalaya_Delta
604,27,1,0,0,ATD,Atchafalaya_Delta
605,27,1,0,0,ATD,Atchafalaya_Delta
606,27,1,0,0,ATD,Atchafalaya_Delta
607,27,1,0,0,ATD,Atchafalaya_Delta
608,27,1,0,0,ATD,Atchafalaya_Delta
609,23,1,0,0,PEN,Penchant
610,27,1,0,0,ATD,Atchafalaya_Delta
611,23,1,0,0,PEN,Penchant
612,23,1,0,0,PEN,Penchant
613,27,1,0,0,ATD,Atchafalaya_Delta
614,27,1,0,0,ATD,Atchafalaya_Delta
615,27,1,0,0,ATD,Atchafalaya_Delta
616,23,1,0,0,PEN,Penchant
617,27,1,0,0,ATD,Atchafalaya_Delta
618,27,1,0,0,ATD,Atchafalaya_Delta
619,27,1,0,0,ATD,Atchafalaya_Delta
620,27,1,0,0,ATD,Atchafalaya_Delta
621,27,1,0,0,ATD,Atchafalaya_Delta
622,27,1,0,0,ATD,Atchafalaya_Delta
623,27,1,0,0,ATD,Atchafalaya_Delta
624,23,1,0,0,PEN,Penchant
625,23,1,0,0,PEN,Penchant
626,23,1,0,0,PEN,Penchant
627,27,1,0,0,ATD,Atchafalaya_Delta
628,27,1,0,0,ATD,Atchafalaya_Delta
629,23,1,0,0,PEN,Penchant
630,23,1,0,0,PEN,Penchant
631,24,1,4282760,0,WTE,Western_Terrebonne
632,21,1,1416620,0,ETB,Eastern_Terrebonne
633,24,1,782099,0,WTE,Western_Terrebonne
634,24,1,0,0,WTE,Western_Terrebonne
635,24,1,90957.2,0,WTE,Western_Terrebonne
636,20,1,23311000,0,VRT,Verret
637,23,1,0,0,PEN,Penchant
638,23,1,0,0,PEN,Penchant
639,23,1,1116820,0,PEN,Penchant
640,23,1,0,0,PEN,Penchant
641,23,1,0,0,PEN,Penchant
642,20,1,0,0,VRT,Verret
643,23,1,0,0,PEN,Penchant
644,23,1,0,0,PEN,Penchant
645,23,1,0,0,PEN,Penchant
646,23,1,0,0,PEN,Penchant
647,23,1,1474750,0,PEN,Penchant
648,24,1,2772200,0,WTE,Western_Terrebonne
649,24,1,1064330,0,WTE,Western_Terrebonne
650,23,1,0,0,PEN,Penchant
651,24,1,0,0,WTE,Western_Terrebonne
652,23,1,0,0,PEN,Penchant
653,23,1,0,0,PEN,Penchant
654,23,1,0,0,PEN,Penchant
655,23,1,0,0,PEN,Penchant
656,23,1,0,0,PEN,Penchant
657,23,1,0,0,PEN,Penchant
658,23,1,0,0,PEN,Penchant
659,23,1,0,0,PEN,Penchant
660,24,1,148188,0,WTE,Western_Terrebonne
661,24,1,4301900,0,WTE,Western_Terrebonne
662,23,1,0,0,PEN,Penchant
663,27,1,0,0,ATD,Atchafalaya_Delta
664,23,1,0,0,PEN,Penchant
665,24,1,0,0,WTE,Western_Terrebonne
666,23,1,0,0,PEN,Penchant
667,24,1,0,0,WTE,Western_Terrebonne
668,24,1,0,0,WTE,Western_Terrebonne
669,24,1,2834460,0,WTE,Western_Terrebonne
670,24,1,0,0,WTE,Western_Terrebonne
671,24,1,0,252515000,WTE,Western_Terrebonne
672,23,1,0,0,PEN,Penchant
673,23,1,0,0,PEN,Penchant
674,27,1,0,0,ATD,Atchafalaya_Delta
675,23,1,0,0,PEN,Penchant
676,27,1,0,0,ATD,Atchafalaya_Delta
677,33,-9999,0,411871000,-9999,-9999
678,27,1,0,0,ATD,Atchafalaya_Delta
679,27,1,0,0,ATD,Atchafalaya_Delta
680,27,1,0,0,ATD,Atchafalaya_Delta
681,27,1,0,0,ATD,Atchafalaya_Delta
682,27,1,0,85178300,ATD,Atchafalaya_Delta
683,27,1,0,0,ATD,Atchafalaya_Delta
684,24,1,0,0,WTE,Western_Terrebonne
685,24,1,0,0,WTE,Western_Terrebonne
686,24,1,230400,0,WTE,Western_Terrebonne
687,24,1,641773,0,WTE,Western_Terrebonne
688,24,1,288515,0,WTE,Western_Terrebonne
689,24,1,0,0,WTE,Western_Terrebonne
690,24,1,198815,0,WTE,Western_Terrebonne
691,24,1,0,0,WTE,Western_Terrebonne
692,24,1,0,0,WTE,Western_Terrebonne
693,24,1,14218000,0,WTE,Western_Terrebonne
694,24,1,0,0,WTE,Western_Terrebonne
695,24,1,0,0,WTE,Western_Terrebonne
696,24,1,0,0,WTE,Western_Terrebonne
697,24,1,0,0,WTE,Western_Terrebonne
698,24,1,0,0,WTE,Western_Terrebonne
699,24,1,1093980,0,WTE,Western_Terrebonne
700,24,1,0,0,WTE,Western_Terrebonne
701,21,1,0,0,ETB,Eastern_Terrebonne
702,33,-9999,0,447788000,-9999,-9999
703,33,-9999,0,677510000,-9999,-9999
704,24,1,0,0,WTE,Western_Terrebonne
705,33,-9999,0,744719000,-9999,-9999
706,24,1,0,7582950,WTE,Western_Terrebonne
707,33,-9999,0,412995000,-9999,-9999
708,24,1,0,0,WTE,Western_Terrebonne
709,21,1,0,0,ETB,Eastern_Terrebonne
710,21,1,0,0,ETB,Eastern_Terrebonne
711,21,1,0,0,ETB,Eastern_Terrebonne
712,21,1,0,0,ETB,Eastern_Terrebonne
713,21,1,0,0,ETB,Eastern_Terrebonne
714,33,-9999,0,425216000,-9999,-9999
715,21,1,0,0,ETB,Eastern_Terrebonne
716,21,1,0,0,ETB,Eastern_Terrebonne
717,21,1,790686,0,ETB,Eastern_Terrebonne
718,21,1,8935740,0,ETB,Eastern_Terrebonne
719,21,1,13691.2,0,ETB,Eastern_Terrebonne
720,21,1,491361,0,ETB,Eastern_Terrebonne
721,20,1,55005.5,0,VRT,Verret
722,24,1,15618600,0,WTE,Western_Terrebonne
723,21,1,3106320,0,ETB,Eastern_Terrebonne
724,21,1,0,0,ETB,Eastern_Terrebonne
725,21,1,1259.15,0,ETB,Eastern_Terrebonne
726,33,-9999,0,844461000,-9999,-9999
727,24,1,0,85905800,WTE,Western_Terrebonne
728,27,1,0,0,ATD,Atchafalaya_Delta
729,27,1,0,80971200,ATD,Atchafalaya_Delta
730,33,-9999,0,473075000,-9999,-9999
731,27,1,0,0,ATD,Atchafalaya_Delta
732,27,1,0,0,ATD,Atchafalaya_Delta
733,24,1,0,0,WTE,Western_Terrebonne
734,33,-9999,0,537921000,-9999,-9999
735,27,1,3105430,0,ATD,Atchafalaya_Delta
736,26,1,0,0,ATB,Atchafalaya_Basin
737,26,1,0,0,ATB,Atchafalaya_Basin
738,27,1,0,0,ATD,Atchafalaya_Delta
739,27,1,0,0,ATD,Atchafalaya_Delta
740,27,1,0,0,ATD,Atchafalaya_Delta
741,27,1,0,0,ATD,Atchafalaya_Delta
742,27,1,0,0,ATD,Atchafalaya_Delta
743,27,1,0,0,ATD,Atchafalaya_Delta
744,23,1,0,0,PEN,Penchant
745,23,1,0,0,PEN,Penchant
746,23,1,0,0,PEN,Penchant
747,21,1,0,0,ETB,Eastern_Terrebonne
748,23,1,0,0,PEN,Penchant
749,20,1,0,0,VRT,Verret
750,21,1,0,0,ETB,Eastern_Terrebonne
751,24,1,0,0,WTE,Western_Terrebonne
752,26,1,0,0,ATB,Atchafalaya_Basin
753,26,1,0,0,ATB,Atchafalaya_Basin
754,26,1,0,0,ATB,Atchafalaya_Basin
755,27,1,0,0,ATD,Atchafalaya_Delta
756,27,1,0,0,ATD,Atchafalaya_Delta
757,27,1,0,0,ATD,Atchafalaya_Delta
758,27,1,0,0,ATD,Atchafalaya_Delta
759,26,1,0,0,ATB,Atchafalaya_Basin
760,23,1,0,0,PEN,Penchant
761,27,1,0,0,ATD,Atchafalaya_Delta
762,27,1,0,0,ATD,Atchafalaya_Delta
763,28,1,0,0,TVB,Teche_Vermilion_Bays
764,28,1,0,0,TVB,Teche_Vermilion_Bays
765,28,1,0,0,TVB,Teche_Vermilion_Bays
766,28,1,0,0,TVB,Teche_Vermilion_Bays
767,28,1,2995200,0,TVB,Teche_Vermilion_Bays
768,28,1,597.541,0,TVB,Teche_Vermilion_Bays
769,28,1,0,0,TVB,Teche_Vermilion_Bays
770,28,1,0,0,TVB,Teche_Vermilion_Bays
771,28,1,0,0,TVB,Teche_Vermilion_Bays
772,28,1,0,0,TVB,Teche_Vermilion_Bays
773,28,1,0,0,TVB,Teche_Vermilion_Bays
774,28,1,0,0,TVB,Teche_Vermilion_Bays
775,23,1,0,0,PEN,Penchant
776,24,1,0,0,WTE,Western_Terrebonne
777,24,1,0,0,WTE,Western_Terrebonne
778,28,1,1847580,0,TVB,Teche_Vermilion_Bays
779,28,1,29366.9,0,TVB,Teche_Vermilion_Bays
780,26,1,0,0,ATB,Atchafalaya_Basin
781,23,1,0,0,PEN,Penchant
782,24,1,0,0,WTE,Western_Terrebonne
783,24,1,0,0,WTE,Western_Terrebonne
784,24,1,0,0,WTE,Western_Terrebonne
785,26,1,0,0,ATB,Atchafalaya_Basin
786,27,1,83883.7,0,ATD,Atchafalaya_Delta
787,20,1,0,0,VRT,Verret
788,27,1,0,0,ATD,Atchafalaya_Delta
789,27,1,0,0,ATD,Atchafalaya_Delta
790,27,1,0,0,ATD,Atchafalaya_Delta
791,27,1,0,0,ATD,Atchafalaya_Delta
792,27,1,0,0,ATD,Atchafalaya_Delta
793,23,1,0,0,PEN,Penchant
794,23,1,0,0,PEN,Penchant
795,23,1,0,0,PEN,Penchant
796,23,1,0,0,PEN,Penchant
797,23,1,0,0,PEN,Penchant
798,23,1,0,0,PEN,Penchant
799,23,1,0,0,PEN,Penchant
800,23,1,0,0,PEN,Penchant
801,23,1,0,0,PEN,Penchant
802,23,1,0,0,PEN,Penchant
803,23,1,0,0,PEN,Penchant
804,23,1,0,0,PEN,Penchant
805,23,1,0,0,PEN,Penchant
806,23,1,0,0,PEN,Penchant
807,23,1,0,0,PEN,Penchant
808,23,1,0,0,PEN,Penchant
809,23,1,0,0,PEN,Penchant
810,23,1,0,0,PEN,Penchant
811,27,1,0,0,ATD,Atchafalaya_Delta
812,23,1,0,0,PEN,Penchant
813,23,1,0,0,PEN,Penchant
814,24,1,0,0,WTE,Western_Terrebonne
815,27,1,0,0,ATD,Atchafalaya_Delta
816,24,1,0,0,WTE,Western_Terrebonne
817,24,1,0,0,WTE,Western_Terrebonne
818,23,1,0,0,PEN,Penchant
819,27,1,0,0,ATD,Atchafalaya_Delta
820,27,1,0,0,ATD,Atchafalaya_Delta
821,27,1,0,0,ATD,Atchafalaya_Delta
822,27,1,0,0,ATD,Atchafalaya_Delta
823,27,1,0,0,ATD,Atchafalaya_Delta
824,27,1,0,0,ATD,Atchafalaya_Delta
825,27,1,0,0,ATD,Atchafalaya_Delta
826,27,1,0,0,ATD,Atchafalaya_Delta
827,27,1,0,0,ATD,Atchafalaya_Delta
828,27,1,0,0,ATD,Atchafalaya_Delta
829,27,1,0,0,ATD,Atchafalaya_Delta
830,27,1,0,0,ATD,Atchafalaya_Delta
831,27,1,0,0,ATD,Atchafalaya_Delta
832,27,1,0,0,ATD,Atchafalaya_Delta
833,28,1,0,0,TVB,Teche_Vermilion_Bays
834,24,1,0,0,WTE,Western_Terrebonne
835,24,1,0,0,WTE,Western_Terrebonne
836,24,1,0,0,WTE,Western_Terrebonne
837,24,1,0,0,WTE,Western_Terrebonne
838,24,1,0,0,WTE,Western_Terrebonne
839,21,1,0,0,ETB,Eastern_Terrebonne
840,21,1,0,0,ETB,Eastern_Terrebonne
841,26,1,0,0,ATB,Atchafalaya_Basin
842,28,1,0,0,TVB,Teche_Vermilion_Bays
843,28,1,0,0,TVB,Teche_Vermilion_Bays
844,28,1,0,0,TVB,Teche_Vermilion_Bays
845,28,1,0,0,TVB,Teche_Vermilion_Bays
846,28,1,0,0,TVB,Teche_Vermilion_Bays
847,28,1,0,0,TVB,Teche_Vermilion_Bays
848,28,1,0,0,TVB,Teche_Vermilion_Bays
849,28,1,0,0,TVB,Teche_Vermilion_Bays
850,28,1,0,0,TVB,Teche_Vermilion_Bays
851,27,1,0,0,ATD,Atchafalaya_Delta
852,28,1,0,0,TVB,Teche_Vermilion_Bays
853,27,1,0,0,ATD,Atchafalaya_Delta
854,27,1,0,0,ATD,Atchafalaya_Delta
855,27,1,0,0,ATD,Atchafalaya_Delta
856,28,1,13555.6,0,TVB,Teche_Vermilion_Bays
857,21,1,39890300,0,ETB,Eastern_Terrebonne
858,10,1,8146350,0,UBA,Upper_Barataria
859,21,1,0,0,ETB,Eastern_Terrebonne
860,24,1,259431,0,WTE,Western_Terrebonne
861,23,1,0,0,PEN,Penchant
862,28,1,0,0,TVB,Teche_Vermilion_Bays
863,23,1,0,0,PEN,Penchant
864,24,1,83931.4,0,WTE,Western_Terrebonne
865,27,1,0,0,ATD,Atchafalaya_Delta
866,27,1,0,0,ATD,Atchafalaya_Delta
867,27,1,0,0,ATD,Atchafalaya_Delta
868,27,1,0,0,ATD,Atchafalaya_Delta
869,27,1,0,0,ATD,Atchafalaya_Delta
870,27,1,0,0,ATD,Atchafalaya_Delta
871,27,1,0,0,ATD,Atchafalaya_Delta
872,27,1,0,0,ATD,Atchafalaya_Delta
873,27,1,0,0,ATD,Atchafalaya_Delta
874,27,1,0,0,ATD,Atchafalaya_Delta
875,33,-9999,0,0,-9999,-9999
876,27,1,0,0,ATD,Atchafalaya_Delta
877,27,1,0,0,ATD,Atchafalaya_Delta
878,33,-9999,0,0,-9999,-9999
879,33,-9999,2424.46,0,-9999,-9999
880,29,2,0,0,MEL,Mermentau_Lakes
881,28,1,0,0,TVB,Teche_Vermilion_Bays
882,28,1,8237.91,0,TVB,Teche_Vermilion_Bays
883,28,1,0,0,TVB,Teche_Vermilion_Bays
884,33,-9999,0,0,-9999,-9999
885,33,-9999,25686.4,0,-9999,-9999
886,27,1,2099.93,0,ATD,Atchafalaya_Delta
887,33,-9999,0,0,-9999,-9999
888,27,1,0,0,ATD,Atchafalaya_Delta
889,33,-9999,158864,0,-9999,-9999
890,23,1,22885.1,0,PEN,Penchant
891,23,1,0,0,PEN,Penchant
892,23,1,0,0,PEN,Penchant
893,24,1,5049.18,0,WTE,Western_Terrebonne
894,21,1,16916.6,0,ETB,Eastern_Terrebonne
895,21,1,0,0,ETB,Eastern_Terrebonne
896,26,1,30261400,0,ATB,Atchafalaya_Basin
897,33,-9999,0,0,-9999,-9999
898,33,-9999,0,0,-9999,-9999
899,26,1,50532.6,0,ATB,Atchafalaya_Basin
900,20,1,0,0,VRT,Verret
901,23,1,16918.9,0,PEN,Penchant
902,20,1,218789,0,VRT,Verret
903,20,1,0,0,VRT,Verret
904,20,1,0,0,VRT,Verret
905,19,1,0,0,UVR,Upper_Verret_Basin
906,19,1,24811.6,0,UVR,Upper_Verret_Basin
907,27,1,0,0,ATD,Atchafalaya_Delta
908,27,1,0,0,ATD,Atchafalaya_Delta
909,15,1,0,0,LBAsw,Lower_Barataria_southwest
910,11,1,2193470,0,MBA,Mid_Barataria
911,10,1,2058270,0,UBA,Upper_Barataria
912,24,1,0,0,WTE,Western_Terrebonne
913,24,1,0,0,WTE,Western_Terrebonne
914,27,1,0,0,ATD,Atchafalaya_Delta
915,27,1,0,0,ATD,Atchafalaya_Delta
916,27,1,0,0,ATD,Atchafalaya_Delta
917,27,1,0,0,ATD,Atchafalaya_Delta
918,23,1,0,0,PEN,Penchant
919,24,1,0,0,WTE,Western_Terrebonne
920,24,1,663599,0,WTE,Western_Terrebonne
921,24,1,0,0,WTE,Western_Terrebonne
922,24,1,0,0,WTE,Western_Terrebonne
923,24,1,0,0,WTE,Western_Terrebonne
924,24,1,5107.16,0,WTE,Western_Terrebonne
925,21,1,25316.1,0,ETB,Eastern_Terrebonne
926,24,1,1410850,0,WTE,Western_Terrebonne
927,21,1,0,0,ETB,Eastern_Terrebonne
928,23,1,710452,0,PEN,Penchant
929,26,1,0,0,ATB,Atchafalaya_Basin
930,26,1,0,0,ATB,Atchafalaya_Basin
931,26,1,0,0,ATB,Atchafalaya_Basin
932,28,1,0,70218.8,TVB,Teche_Vermilion_Bays
933,28,1,20362.4,0,TVB,Teche_Vermilion_Bays
934,28,1,2986960,0,TVB,Teche_Vermilion_Bays
935,28,1,0,0,TVB,Teche_Vermilion_Bays
936,23,1,0,0,PEN,Penchant
937,24,1,0,0,WTE,Western_Terrebonne
938,24,1,0,0,WTE,Western_Terrebonne
939,27,1,0,0,ATD,Atchafalaya_Delta
940,21,1,0,0,ETB,Eastern_Terrebonne
941,24,1,0,0,WTE,Western_Terrebonne
942,24,1,0,0,WTE,Western_Terrebonne
943,24,1,0,0,WTE,Western_Terrebonne
944,28,1,5056.63,0,TVB,Teche_Vermilion_Bays
945,24,1,0,0,WTE,Western_Terrebonne
946,33,-9999,5994700,0,-9999,-9999
947,21,1,172590,0,ETB,Eastern_Terrebonne
948,15,1,0,0,LBAsw,Lower_Barataria_southwest
949,26,1,0,0,ATB,Atchafalaya_Basin
950,26,1,0,0,ATB,Atchafalaya_Basin
951,33,-9999,488611,0,-9999,-9999
952,27,1,0,0,ATD,Atchafalaya_Delta
953,28,1,0,0,TVB,Teche_Vermilion_Bays
954,21,1,15740400,0,ETB,Eastern_Terrebonne
955,21,1,6998040,0,ETB,Eastern_Terrebonne
956,21,1,0,0,ETB,Eastern_Terrebonne
957,28,1,0,0,TVB,Teche_Vermilion_Bays
958,28,1,31494.7,0,TVB,Teche_Vermilion_Bays
959,28,1,0,0,TVB,Teche_Vermilion_Bays
960,33,-9999,917162,0,-9999,-9999
961,28,1,0,0,TVB,Teche_Vermilion_Bays
962,28,1,104913,0,TVB,Teche_Vermilion_Bays
963,33,-9999,0,349859000,-9999,-9999
964,33,-9999,0,379476000,-9999,-9999
965,33,-9999,0,324127000,-9999,-9999
966,33,-9999,0,437372000,-9999,-9999
967,33,-9999,0,406214000,-9999,-9999
968,33,-9999,0,669037000,-9999,-9999
969,33,-9999,0,473960000,-9999,-9999
970,33,-9999,0,454323000,-9999,-9999
971,33,-9999,0,411371000,-9999,-9999
972,33,-9999,0,426306000,-9999,-9999
973,33,-9999,0,365787000,-9999,-9999
974,33,-9999,0,483943000,-9999,-9999
975,33,-9999,0,466689000,-9999,-9999
976,33,-9999,0,563466000,-9999,-9999
977,33,-9999,0,626999000,-9999,-9999
978,33,-9999,0,564237000,-9999,-9999
979,33,-9999,0,704004000,-9999,-9999
980,21,1,0,0,ETB,Eastern_Terrebonne
981,28,1,3152.02,0,TVB,Teche_Vermilion_Bays
982,27,1,0,0,ATD,Atchafalaya_Delta
983,27,1,0,0,ATD,Atchafalaya_Delta
984,27,1,15905.4,0,ATD,Atchafalaya_Delta
985,27,1,72136.7,0,ATD,Atchafalaya_Delta
986,24,1,2309.55,0,WTE,Western_Terrebonne
987,21,1,1202760,0,ETB,Eastern_Terrebonne
988,21,1,1193900,0,ETB,Eastern_Terrebonne
989,27,1,0,0,ATD,Atchafalaya_Delta
990,23,1,0,0,PEN,Penchant
991,33,-9999,14094800,0,-9999,-9999
992,33,-9999,8002480,0,-9999,-9999
993,33,-9999,5502460,0,-9999,-9999
994,33,-9999,15479400,0,-9999,-9999
995,33,-9999,4812290,0,-9999,-9999
996,31,2,208180,0,CAL,Calcasieu
997,31,2,4663120,0,CAL,Calcasieu
998,31,2,1004400,0,CAL,Calcasieu
999,31,2,850387,0,CAL,Calcasieu
1000,31,2,0,0,CAL,Calcasieu
1001,31,2,1073800,0,CAL,Calcasieu
1002,31,2,0,0,CAL,Calcasieu
1003,31,2,226438,0,CAL,Calcasieu
1004,31,2,0,0,CAL,Calcasieu
1005,31,2,0,0,CAL,Calcasieu
1006,31,2,744242,0,CAL,Calcasieu
1007,31,2,7474580,0,CAL,Calcasieu
1008,31,2,5429990,0,CAL,Calcasieu
1009,31,2,0,0,CAL,Calcasieu
1010,31,2,0,0,CAL,Calcasieu
1011,31,2,0,0,CAL,Calcasieu
1012,33,-9999,11872.5,0,-9999,-9999
1013,33,-9999,199197,0,-9999,-9999
1014,33,-9999,28383.5,0,-9999,-9999
1015,33,-9999,14910.5,0,-9999,-9999
1016,33,-9999,0,0,-9999,-9999
1017,33,-9999,0,0,-9999,-9999
1018,31,2,0,0,CAL,Calcasieu
1019,31,2,0,0,CAL,Calcasieu
1020,32,2,0,96906.5,SAB,Sabine
1021,31,2,0,0,CAL,Calcasieu
1022,31,2,0,0,CAL,Calcasieu
1023,31,2,0,0,CAL,Calcasieu
1024,31,2,0,0,CAL,Calcasieu
1025,31,2,357262,0,CAL,Calcasieu
1026,31,2,0,0,CAL,Calcasieu
1027,31,2,0,0,CAL,Calcasieu
1028,31,2,171277,0,CAL,Calcasieu
1029,31,2,188337,0,CAL,Calcasieu
1030,31,2,403541,0,CAL,Calcasieu
1031,31,2,387448,0,CAL,Calcasieu
1032,31,2,420134,0,CAL,Calcasieu
1033,31,2,0,0,CAL,Calcasieu
1034,31,2,0,0,CAL,Calcasieu
1035,31,2,0,0,CAL,Calcasieu
1036,31,2,0,0,CAL,Calcasieu
1037,31,2,0,0,CAL,Calcasieu
1038,31,2,0,0,CAL,Calcasieu
1039,31,2,0,0,CAL,Calcasieu
1040,31,2,0,0,CAL,Calcasieu
1041,31,2,0,0,CAL,Calcasieu
1042,31,2,0,0,CAL,Calcasieu
1043,31,2,549083,0,CAL,Calcasieu
1044,31,2,3568580,0,CAL,Calcasieu
1045,31,2,95422.2,0,CAL,Calcasieu
1046,31,2,341877,0,CAL,Calcasieu
1047,31,2,0,0,CAL,Calcasieu
1048,31,2,0,0,CAL,Calcasieu
1049,31,2,0,0,CAL,Calcasieu
1050,31,2,0,0,CAL,Calcasieu
1051,31,2,0,0,CAL,Calcasieu
1052,31,2,0,0,CAL,Calcasieu
1053,31,2,0,0,CAL,Calcasieu
1054,33,-9999,0,0,-9999,-9999
1055,31,2,0,0,CAL,Calcasieu
1056,31,2,0,0,CAL,Calcasieu
1057,31,2,0,0,CAL,Calcasieu
1058,31,2,0,0,CAL,Calcasieu
1059,31,2,0,0,CAL,Calcasieu
1060,31,2,1877980,0,CAL,Calcasieu
1061,30,2,110825,0,CHR,Chenier_Ridges
1062,30,2,0,0,CHR,Chenier_Ridges
1063,30,2,0,0,CHR,Chenier_Ridges
1064,30,2,0,0,CHR,Chenier_Ridges
1065,30,2,0,0,CHR,Chenier_Ridges
1066,30,2,0,0,CHR,Chenier_Ridges
1067,30,2,0,0,CHR,Chenier_Ridges
1068,30,2,0,0,CHR,Chenier_Ridges
1069,30,2,0,0,CHR,Chenier_Ridges
1070,30,2,0,0,CHR,Chenier_Ridges
1071,31,2,0,0,CAL,Calcasieu
1072,30,2,0,0,CHR,Chenier_Ridges
1073,30,2,0,0,CHR,Chenier_Ridges
1074,30,2,0,0,CHR,Chenier_Ridges
1075,30,2,0,0,CHR,Chenier_Ridges
1076,30,2,0,0,CHR,Chenier_Ridges
1077,30,2,0,0,CHR,Chenier_Ridges
1078,30,2,0,0,CHR,Chenier_Ridges
1079,32,2,0,17965,SAB,Sabine
1080,30,2,0,0,CHR,Chenier_Ridges
1081,30,2,0,0,CHR,Chenier_Ridges
1082,30,2,0,0,CHR,Chenier_Ridges
1083,30,2,0,0,CHR,Chenier_Ridges
1084,30,2,0,0,CHR,Chenier_Ridges
1085,30,2,0,0,CHR,Chenier_Ridges
1086,30,2,0,0,CHR,Chenier_Ridges
1087,30,2,0,0,CHR,Chenier_Ridges
1088,30,2,0,0,CHR,Chenier_Ridges
1089,30,2,0,0,CHR,Chenier_Ridges
1090,30,2,230400,0,CHR,Chenier_Ridges
1091,30,2,0,0,CHR,Chenier_Ridges
1092,30,2,0,0,CHR,Chenier_Ridges
1093,30,2,0,0,CHR,Chenier_Ridges
1094,30,2,0,0,CHR,Chenier_Ridges
1095,30,2,0,0,CHR,Chenier_Ridges
1096,30,2,0,0,CHR,Chenier_Ridges
1097,30,2,0,0,CHR,Chenier_Ridges
1098,30,2,0,0,CHR,Chenier_Ridges
1099,30,2,0,0,CHR,Chenier_Ridges
1100,30,2,0,0,CHR,Chenier_Ridges
1101,30,2,0,0,CHR,Chenier_Ridges
1102,30,2,0,0,CHR,Chenier_Ridges
1103,30,2,0,0,CHR,Chenier_Ridges
1104,30,2,0,0,CHR,Chenier_Ridges
1105,30,2,0,0,CHR,Chenier_Ridges
1106,30,2,0,0,CHR,Chenier_Ridges
1107,30,2,0,0,CHR,Chenier_Ridges
1108,30,2,0,0,CHR,Chenier_Ridges
1109,30,2,0,0,CHR,Chenier_Ridges
1110,30,2,0,0,CHR,Chenier_Ridges
1111,30,2,0,0,CHR,Chenier_Ridges
1112,30,2,0,0,CHR,Chenier_Ridges
1113,30,2,0,0,CHR,Chenier_Ridges
1114,30,2,29701.4,0,CHR,Chenier_Ridges
1115,30,2,0,0,CHR,Chenier_Ridges
1116,30,2,0,0,CHR,Chenier_Ridges
1117,30,2,0,0,CHR,Chenier_Ridges
1118,30,2,0,0,CHR,Chenier_Ridges
1119,30,2,0,0,CHR,Chenier_Ridges
1120,29,2,449626,0,MEL,Mermentau_Lakes
1121,29,2,1156740,0,MEL,Mermentau_Lakes
1122,29,2,613245,0,MEL,Mermentau_Lakes
1123,30,2,0,0,CHR,Chenier_Ridges
1124,29,2,20738,0,MEL,Mermentau_Lakes
1125,29,2,0,0,MEL,Mermentau_Lakes
1126,29,2,0,0,MEL,Mermentau_Lakes
1127,29,2,0,0,MEL,Mermentau_Lakes
1128,29,2,0,0,MEL,Mermentau_Lakes
1129,29,2,1203810,0,MEL,Mermentau_Lakes
1130,29,2,0,0,MEL,Mermentau_Lakes
1131,29,2,0,0,MEL,Mermentau_Lakes
1132,29,2,294607,0,MEL,Mermentau_Lakes
1133,29,2,0,0,MEL,Mermentau_Lakes
1134,29,2,3064710,0,MEL,Mermentau_Lakes
1135,29,2,0,0,MEL,Mermentau_Lakes
1136,33,-9999,20285600,0,-9999,-9999
1137,33,-9999,11450000,0,-9999,-9999
1138,33,-9999,2267860,0,-9999,-9999
1139,33,-9999,13722.2,0,-9999,-9999
1140,29,2,7624250,0,MEL,Mermentau_Lakes
1141,29,2,5815.95,0,MEL,Mermentau_Lakes
1142,29,2,60111.2,0,MEL,Mermentau_Lakes
1143,29,2,1646750,0,MEL,Mermentau_Lakes
1144,29,2,0,0,MEL,Mermentau_Lakes
1145,29,2,353436,0,MEL,Mermentau_Lakes
1146,29,2,0,0,MEL,Mermentau_Lakes
1147,29,2,0,0,MEL,Mermentau_Lakes
1148,29,2,0,0,MEL,Mermentau_Lakes
1149,29,2,0,0,MEL,Mermentau_Lakes
1150,29,2,0,0,MEL,Mermentau_Lakes
1151,29,2,0,0,MEL,Mermentau_Lakes
1152,29,2,230400,0,MEL,Mermentau_Lakes
1153,29,2,0,0,MEL,Mermentau_Lakes
1154,29,2,0,0,MEL,Mermentau_Lakes
1155,29,2,0,0,MEL,Mermentau_Lakes
1156,29,2,0,0,MEL,Mermentau_Lakes
1157,29,2,0,0,MEL,Mermentau_Lakes
1158,29,2,0,0,MEL,Mermentau_Lakes
1159,29,2,0,0,MEL,Mermentau_Lakes
1160,29,2,0,0,MEL,Mermentau_Lakes
1161,29,2,208262,0,MEL,Mermentau_Lakes
1162,29,2,4411.25,0,MEL,Mermentau_Lakes
1163,29,2,0,0,MEL,Mermentau_Lakes
1164,29,2,0,0,MEL,Mermentau_Lakes
1165,29,2,0,0,MEL,Mermentau_Lakes
1166,29,2,0,0,MEL,Mermentau_Lakes
1167,29,2,0,0,MEL,Mermentau_Lakes
1168,29,2,0,0,MEL,Mermentau_Lakes
1169,29,2,0,0,MEL,Mermentau_Lakes
1170,29,2,0,0,MEL,Mermentau_Lakes
1171,29,2,0,0,MEL,Mermentau_Lakes
1172,29,2,0,0,MEL,Mermentau_Lakes
1173,29,2,0,0,MEL,Mermentau_Lakes
1174,29,2,0,0,MEL,Mermentau_Lakes
1175,29,2,0,0,MEL,Mermentau_Lakes
1176,29,2,0,0,MEL,Mermentau_Lakes
1177,29,2,0,0,MEL,Mermentau_Lakes
1178,29,2,0,0,MEL,Mermentau_Lakes
1179,29,2,0,0,MEL,Mermentau_Lakes
1180,29,2,0,0,MEL,Mermentau_Lakes
1181,29,2,0,0,MEL,Mermentau_Lakes
1182,29,2,0,0,MEL,Mermentau_Lakes
1183,29,2,0,0,MEL,Mermentau_Lakes
1184,29,2,0,0,MEL,Mermentau_Lakes
1185,29,2,0,0,MEL,Mermentau_Lakes
1186,29,2,0,0,MEL,Mermentau_Lakes
1187,29,2,0,0,MEL,Mermentau_Lakes
1188,29,2,0,0,MEL,Mermentau_Lakes
1189,29,2,0,0,MEL,Mermentau_Lakes
1190,29,2,0,0,MEL,Mermentau_Lakes
1191,29,2,0,0,MEL,Mermentau_Lakes
1192,29,2,0,0,MEL,Mermentau_Lakes
1193,29,2,0,0,MEL,Mermentau_Lakes
1194,30,2,0,181513,CHR,Chenier_Ridges
1195,29,2,0,0,MEL,Mermentau_Lakes
1196,29,2,0,0,MEL,Mermentau_Lakes
1197,29,2,0,0,MEL,Mermentau_Lakes
1198,29,2,0,0,MEL,Mermentau_Lakes
1199,30,2,0,187004,CHR,Chenier_Ridges
1200,29,2,0,0,MEL,Mermentau_Lakes
1201,29,2,0,0,MEL,Mermentau_Lakes
1202,29,2,0,0,MEL,Mermentau_Lakes
1203,29,2,0,0,MEL,Mermentau_Lakes
1204,29,2,0,0,MEL,Mermentau_Lakes
1205,29,2,2887.26,0,MEL,Mermentau_Lakes
1206,29,2,0,0,MEL,Mermentau_Lakes
1207,29,2,0,0,MEL,Mermentau_Lakes
1208,29,2,0,0,MEL,Mermentau_Lakes
1209,29,2,0,0,MEL,Mermentau_Lakes
1210,29,2,49820.5,0,MEL,Mermentau_Lakes
1211,29,2,603577,0,MEL,Mermentau_Lakes
1212,29,2,0,0,MEL,Mermentau_Lakes
1213,29,2,130139,0,MEL,Mermentau_Lakes
1214,29,2,595977,0,MEL,Mermentau_Lakes
1215,29,2,0,0,MEL,Mermentau_Lakes
1216,29,2,0,0,MEL,Mermentau_Lakes
1217,29,2,0,0,MEL,Mermentau_Lakes
1218,29,2,0,0,MEL,Mermentau_Lakes
1219,29,2,13274.2,0,MEL,Mermentau_Lakes
1220,29,2,0,0,MEL,Mermentau_Lakes
1221,29,2,0,0,MEL,Mermentau_Lakes
1222,29,2,0,0,MEL,Mermentau_Lakes
1223,29,2,0,0,MEL,Mermentau_Lakes
1224,29,2,0,0,MEL,Mermentau_Lakes
1225,29,2,0,0,MEL,Mermentau_Lakes
1226,29,2,0,0,MEL,Mermentau_Lakes
1227,29,2,0,0,MEL,Mermentau_Lakes
1228,29,2,0,0,MEL,Mermentau_Lakes
1229,29,2,0,0,MEL,Mermentau_Lakes
1230,29,2,0,0,MEL,Mermentau_Lakes
1231,29,2,0,0,MEL,Mermentau_Lakes
1232,29,2,0,0,MEL,Mermentau_Lakes
1233,29,2,0,0,MEL,Mermentau_Lakes
1234,29,2,0,0,MEL,Mermentau_Lakes
1235,29,2,0,0,MEL,Mermentau_Lakes
1236,29,2,0,0,MEL,Mermentau_Lakes
1237,29,2,0,0,MEL,Mermentau_Lakes
1238,29,2,0,0,MEL,Mermentau_Lakes
1239,29,2,0,0,MEL,Mermentau_Lakes
1240,29,2,0,0,MEL,Mermentau_Lakes
1241,29,2,0,0,MEL,Mermentau_Lakes
1242,29,2,0,0,MEL,Mermentau_Lakes
1243,29,2,0,0,MEL,Mermentau_Lakes
1244,29,2,0,0,MEL,Mermentau_Lakes
1245,29,2,0,0,MEL,Mermentau_Lakes
1246,29,2,0,0,MEL,Mermentau_Lakes
1247,29,2,0,0,MEL,Mermentau_Lakes
1248,29,2,0,0,MEL,Mermentau_Lakes
1249,29,2,6923920,0,MEL,Mermentau_Lakes
1250,29,2,0,0,MEL,Mermentau_Lakes
1251,29,2,0,0,MEL,Mermentau_Lakes
1252,29,2,0,0,MEL,Mermentau_Lakes
1253,29,2,0,0,MEL,Mermentau_Lakes
1254,29,2,0,0,MEL,Mermentau_Lakes
1255,29,2,0,0,MEL,Mermentau_Lakes
1256,29,2,0,0,MEL,Mermentau_Lakes
1257,29,2,0,0,MEL,Mermentau_Lakes
1258,29,2,0,0,MEL,Mermentau_Lakes
1259,29,2,0,0,MEL,Mermentau_Lakes
1260,29,2,0,0,MEL,Mermentau_Lakes
1261,31,2,912547,0,CAL,Calcasieu
1262,32,2,0,0,SAB,Sabine
1263,32,2,3154270,0,SAB,Sabine
1264,31,2,3264720,0,CAL,Calcasieu
1265,32,2,0,0,SAB,Sabine
1266,32,2,0,0,SAB,Sabine
1267,32,2,1630100,0,SAB,Sabine
1268,32,2,0,0,SAB,Sabine
1269,32,2,0,0,SAB,Sabine
1270,32,2,0,0,SAB,Sabine
1271,31,2,0,0,CAL,Calcasieu
1272,31,2,0,0,CAL,Calcasieu
1273,32,2,0,0,SAB,Sabine
1274,32,2,0,0,SAB,Sabine
1275,30,2,0,100364,CHR,Chenier_Ridges
1276,31,2,0,0,CAL,Calcasieu
1277,31,2,0,0,CAL,Calcasieu
1278,31,2,0,0,CAL,Calcasieu
1279,32,2,0,0,SAB,Sabine
1280,32,2,0,0,SAB,Sabine
1281,33,-9999,0,0,-9999,-9999
1282,32,2,0,0,SAB,Sabine
1283,32,2,0,0,SAB,Sabine
1284,32,2,0,0,SAB,Sabine
1285,32,2,0,0,SAB,Sabine
1286,32,2,0,0,SAB,Sabine
1287,32,2,0,0,SAB,Sabine
1288,32,2,0,0,SAB,Sabine
1289,32,2,0,0,SAB,Sabine
1290,32,2,0,0,SAB,Sabine
1291,32,2,0,0,SAB,Sabine
1292,32,2,0,0,SAB,Sabine
1293,32,2,0,0,SAB,Sabine
1294,32,2,0,0,SAB,Sabine
1295,32,2,0,0,SAB,Sabine
1296,32,2,0,0,SAB,Sabine
1297,32,2,0,0,SAB,Sabine
1298,32,2,0,0,SAB,Sabine
1299,32,2,0,0,SAB,Sabine
1300,33,-9999,0,412199000,-9999,-9999
1301,32,2,0,0,SAB,Sabine
1302,32,2,0,0,SAB,Sabine
1303,32,2,0,0,SAB,Sabine
1304,32,2,0,0,SAB,Sabine
1305,32,2,0,0,SAB,Sabine
1306,32,2,0,0,SAB,Sabine
1307,32,2,0,0,SAB,Sabine
1308,32,2,0,0,SAB,Sabine
1309,32,2,0,0,SAB,Sabine
1310,32,2,0,0,SAB,Sabine
1311,32,2,0,0,SAB,Sabine
1312,32,2,0,0,SAB,Sabine
1313,32,2,0,0,SAB,Sabine
1314,32,2,0,0,SAB,Sabine
1315,32,2,0,0,SAB,Sabine
1316,32,2,0,0,SAB,Sabine
1317,32,2,230400,0,SAB,Sabine
1318,32,2,0,0,SAB,Sabine
1319,32,2,0,0,SAB,Sabine
1320,32,2,0,0,SAB,Sabine
1321,33,-9999,40246.6,0,-9999,-9999
1322,32,2,42515.6,0,SAB,Sabine
1323,32,2,310099,0,SAB,Sabine
1324,32,2,0,0,SAB,Sabine
1325,32,2,779834,0,SAB,Sabine
1326,32,2,185499,0,SAB,Sabine
1327,32,2,0,0,SAB,Sabine
1328,32,2,1436430,0,SAB,Sabine
1329,32,2,684227,0,SAB,Sabine
1330,32,2,4168230,0,SAB,Sabine
1331,32,2,834739,0,SAB,Sabine
1332,32,2,691200,0,SAB,Sabine
1333,33,-9999,0,442429000,-9999,-9999
1334,33,-9999,0,880249000,-9999,-9999
1335,33,-9999,0,540391000,-9999,-9999
1336,33,-9999,0,412971000,-9999,-9999
1337,33,-9999,0,508863000,-9999,-9999
1338,33,-9999,0,707938000,-9999,-9999
1339,33,-9999,0,394248000,-9999,-9999
1340,33,-9999,0,560557000,-9999,-9999
1341,30,2,0,0,CHR,Chenier_Ridges
1342,31,2,0,0,CAL,Calcasieu
1343,33,-9999,0,395798000,-9999,-9999
1344,31,2,0,0,CAL,Calcasieu
1345,31,2,0,0,CAL,Calcasieu
1346,31,2,0,5901.11,CAL,Calcasieu
1347,31,2,0,0,CAL,Calcasieu
1348,31,2,0,0,CAL,Calcasieu
1349,31,2,0,1482.84,CAL,Calcasieu
1350,31,2,0,0,CAL,Calcasieu
1351,31,2,0,0,CAL,Calcasieu
1352,33,-9999,0,387067000,-9999,-9999
1353,31,2,0,5605.85,CAL,Calcasieu
1354,31,2,0,0,CAL,Calcasieu
1355,31,2,0,0,CAL,Calcasieu
1356,31,2,0,0,CAL,Calcasieu
1357,31,2,0,0,CAL,Calcasieu
1358,32,2,0,0,SAB,Sabine
1359,32,2,0,8058.76,SAB,Sabine
1360,32,2,0,52048.4,SAB,Sabine
1361,32,2,0,0,SAB,Sabine
1362,32,2,0,0,SAB,Sabine
1363,32,2,0,18561.5,SAB,Sabine
1364,32,2,0,0,SAB,Sabine
1365,32,2,0,0,SAB,Sabine
1366,32,2,0,13693.3,SAB,Sabine
1367,32,2,0,0,SAB,Sabine
1368,32,2,0,0,SAB,Sabine
1369,32,2,0,14802.8,SAB,Sabine
1370,32,2,0,0,SAB,Sabine
1371,32,2,0,0,SAB,Sabine
1372,32,2,0,9982.2,SAB,Sabine
1373,32,2,0,0,SAB,Sabine
1374,32,2,0,0,SAB,Sabine
1375,32,2,0,0,SAB,Sabine
1376,32,2,0,0,SAB,Sabine
1377,32,2,0,330159,SAB,Sabine
1378,32,2,0,0,SAB,Sabine
1379,31,2,0,0,CAL,Calcasieu
1380,30,2,0,28554.1,CHR,Chenier_Ridges
1381,33,-9999,0,153840000,-9999,-9999
1382,29,2,219772,0,MEL,Mermentau_Lakes
1383,29,2,74717.6,0,MEL,Mermentau_Lakes
1384,29,2,30500.5,0,MEL,Mermentau_Lakes
1385,29,2,0,0,MEL,Mermentau_Lakes
1386,29,2,4059790,0,MEL,Mermentau_Lakes
1387,29,2,18095800,0,MEL,Mermentau_Lakes
1388,32,2,18769.5,0,SAB,Sabine
1389,31,2,2391780,0,CAL,Calcasieu
1390,31,2,859567,0,CAL,Calcasieu
1391,31,2,7505930,0,CAL,Calcasieu
1392,32,2,104941000,0,SAB,Sabine
1393,32,2,801106,0,SAB,Sabine
1394,33,-9999,55685500,0,-9999,-9999
1395,33,-9999,105356000,0,-9999,-9999
1396,33,-9999,52849400,0,-9999,-9999
1397,31,2,34725000,0,CAL,Calcasieu
1398,31,2,2056730,0,CAL,Calcasieu
1399,31,2,62534900,0,CAL,Calcasieu
1400,31,2,4153460,0,CAL,Calcasieu
1401,31,2,477568,0,CAL,Calcasieu
1402,31,2,3552650,0,CAL,Calcasieu
1403,31,2,7997870,0,CAL,Calcasieu
1404,29,2,36128.5,0,MEL,Mermentau_Lakes
1405,29,2,5435850,0,MEL,Mermentau_Lakes
1406,29,2,54092.3,0,MEL,Mermentau_Lakes
1407,29,2,0,0,MEL,Mermentau_Lakes
1408,29,2,9136.71,0,MEL,Mermentau_Lakes
1409,29,2,0,0,MEL,Mermentau_Lakes
1410,31,2,3914640,0,CAL,Calcasieu
1411,31,2,1118950,0,CAL,Calcasieu
1412,31,2,86381400,0,CAL,Calcasieu
1413,29,2,56940800,0,MEL,Mermentau_Lakes
1414,29,2,25349100,0,MEL,Mermentau_Lakes
1415,29,2,3277110,0,MEL,Mermentau_Lakes
1416,29,2,0,0,MEL,Mermentau_Lakes
1417,29,2,2039210,0,MEL,Mermentau_Lakes
1418,33,-9999,0,429013000,-9999,-9999
1419,33,-9999,0,533629000,-9999,-9999
1420,33,-9999,0,382138000,-9999,-9999
1421,33,-9999,0,610994000,-9999,-9999
1422,33,-9999,0,485650000,-9999,-9999
1423,33,-9999,0,297828000,-9999,-9999
1424,33,-9999,0,531636000,-9999,-9999
1425,33,-9999,0,190012000,-9999,-9999
1426,33,-9999,0,326287000,-9999,-9999
1427,33,-9999,0,458882000,-9999,-9999
1428,33,-9999,0,378752000,-9999,-9999
1429,33,-9999,0,500092000,-9999,-9999
1430,33,-9999,0,352834000,-9999,-9999
1431,33,-9999,0,459027000,-9999,-9999
1432,33,-9999,0,416423000,-9999,-9999
1433,33,-9999,0,431002000,-9999,-9999
1434,33,-9999,0,349949000,-9999,-9999
1435,33,-9999,0,626063000,-9999,-9999
1436,33,-9999,0,577921000,-9999,-9999
1437,33,-9999,0,522158000,-9999,-9999
1438,33,-9999,0,247236000,-9999,-9999
1439,31,2,0,0,CAL,Calcasieu
1440,2,1,25247.7,0,LPO,Lake_Pontchartrain
1441,12,1,6441.86,0,LBAnw,Lower_Barataria_northwest
1442,33,-9999,90939300,0,-9999,-9999
1443,33,-9999,111417000,0,-9999,-9999
1444,33,-9999,74874400,0,-9999,-9999
1445,33,-9999,78851500,0,-9999,-9999
1446,33,-9999,107253000,0,-9999,-9999
1447,33,-9999,148781000,0,-9999,-9999
1448,33,-9999,63162200,0,-9999,-9999
1449,33,-9999,103142000,0,-9999,-9999
1450,33,-9999,83365300,0,-9999,-9999
1451,33,-9999,88596400,0,-9999,-9999
1452,33,-9999,44454600,0,-9999,-9999
1453,33,-9999,46125700,0,-9999,-9999
1454,33,-9999,104616000,0,-9999,-9999
1455,33,-9999,83074100,0,-9999,-9999
1456,33,-9999,118646000,0,-9999,-9999
1457,33,-9999,55709400,0,-9999,-9999
1458,33,-9999,85909000,0,-9999,-9999
1459,33,-9999,105524000,0,-9999,-9999
1460,33,-9999,59820300,0,-9999,-9999
1461,33,-9999,58346600,0,-9999,-9999
1462,33,-9999,78167600,0,-9999,-9999
1463,33,-9999,102586000,0,-9999,-9999
1464,33,-9999,154421000,0,-9999,-9999
1465,33,-9999,90316300,0,-9999,-9999
1466,33,-9999,145735000,0,-9999,-9999
1467,33,-9999,64369000,0,-9999,-9999
1468,33,-9999,102130000,0,-9999,-9999
1469,33,-9999,54876200,0,-9999,-9999
1470,33,-9999,51549200,0,-9999,-9999
1471,33,-9999,60032700,0,-9999,-9999
1472,33,-9999,68283600,0,-9999,-9999
1473,33,-9999,120215000,0,-9999,-9999
1474,33,-9999,89833400,0,-9999,-9999
1475,33,-9999,60150800,0,-9999,-9999
1476,33,-9999,120996000,0,-9999,-9999
1477,33,-9999,145167000,0,-9999,-9999
1478,33,-9999,68727700,0,-9999,-9999
1479,33,-9999,105033000,0,-9999,-9999
1480,33,-9999,103052000,0,-9999,-9999
1481,33,-9999,122455000,0,-9999,-9999
1482,33,-9999,127351000,0,-9999,-9999
1483,33,-9999,48004200,0,-9999,-9999
1484,33,-9999,54396800,0,-9999,-9999
1485,33,-9999,54986800,0,-9999,-9999
1486,33,-9999,99327600,0,-9999,-9999
1487,33,-9999,58842700,0,-9999,-9999
1488,33,-9999,64745400,0,-9999,-9999
1489,33,-9999,57879500,0,-9999,-9999
1490,33,-9999,110076000,0,-9999,-9999
1491,33,-9999,79122000,0,-9999,-9999
1492,33,-9999,78964900,0,-9999,-9999
1493,33,-9999,45541600,0,-9999,-9999
1494,33,-9999,58850500,0,-9999,-9999
1495,33,-9999,40571900,0,-9999,-9999
1496,33,-9999,89989800,0,-9999,-9999
1497,33,-9999,48472300,0,-9999,-9999
1498,33,-9999,49139200,0,-9999,-9999
1499,33,-9999,67990500,0,-9999,-9999
1500,33,-9999,88303000,0,-9999,-9999
1501,33,-9999,46361700,0,-9999,-9999
1502,33,-9999,80640900,0,-9999,-9999
1503,33,-9999,117348000,0,-9999,-9999
1504,33,-9999,62818800,0,-9999,-9999
1505,33,-9999,93517400,0,-9999,-9999
1506,33,-9999,63379100,0,-9999,-9999
1507,33,-9999,46167600,0,-9999,-9999
1508,33,-9999,16547500,0,-9999,-9999
1509,33,-9999,32134900,0,-9999,-9999
1510,33,-9999,68431500,0,-9999,-9999
1511,33,-9999,111479000,0,-9999,-9999
1512,33,-9999,44040300,0,-9999,-9999
1513,33,-9999,43766100,0,-9999,-9999
1514,33,-9999,24750800,0,-9999,-9999
1515,33,-9999,62058300,0,-9999,-9999
1516,33,-9999,38212800,0,-9999,-9999
1517,33,-9999,28697400,0,-9999,-9999
1518,33,-9999,110830000,0,-9999,-9999
1519,33,-9999,51566600,0,-9999,-9999
1520,33,-9999,51025600,0,-9999,-9999
1521,33,-9999,56016400,0,-9999,-9999
1522,33,-9999,47549800,0,-9999,-9999
1523,33,-9999,72382200,0,-9999,-9999
1524,33,-9999,15602900,0,-9999,-9999
1525,33,-9999,94253200,0,-9999,-9999
1526,33,-9999,63827100,0,-9999,-9999
1527,33,-9999,87697100,0,-9999,-9999
1528,33,-9999,127229000,0,-9999,-9999
1529,33,-9999,116901000,0,-9999,-9999
1530,33,-9999,53213900,0,-9999,-9999
1531,33,-9999,77205500,0,-9999,-9999
1532,33,-9999,83458300,0,-9999,-9999
1533,33,-9999,50707500,0,-9999,-9999
1534,33,-9999,60229400,0,-9999,-9999
1535,33,-9999,66916600,0,-9999,-9999
1536,33,-9999,60440800,0,-9999,-9999
1537,33,-9999,85555900,0,-9999,-9999
1538,33,-9999,122484000,0,-9999,-9999
1539,33,-9999,116821000,0,-9999,-9999
1540,33,-9999,127017000,0,-9999,-9999
1541,33,-9999,116762000,0,-9999,-9999
1542,33,-9999,134972000,0,-9999,-9999
1543,33,-9999,111514000,0,-9999,-9999
1544,33,-9999,71312700,0,-9999,-9999
1545,33,-9999,19245200,0,-9999,-9999
1546,33,-9999,73685400,0,-9999,-9999
1547,33,-9999,105240000,0,-9999,-9999
1548,33,-9999,96095300,0,-9999,-9999
1549,33,-9999,136713000,0,-9999,-9999
1550,33,-9999,145514000,0,-9999,-9999
1551,33,-9999,58652400,0,-9999,-9999
1552,33,-9999,184813000,0,-9999,-9999
1553,33,-9999,145505000,0,-9999,-9999
1554,33,-9999,36472300,0,-9999,-9999
1555,33,-9999,131769000,0,-9999,-9999
1556,33,-9999,90101800,0,-9999,-9999
1557,33,-9999,127721000,0,-9999,-9999
1558,33,-9999,115676000,0,-9999,-9999
1559,33,-9999,142620000,0,-9999,-9999
1560,33,-9999,149373000,0,-9999,-9999
1561,33,-9999,192496000,0,-9999,-9999
1562,33,-9999,89880500,0,-9999,-9999
1563,33,-9999,103912000,0,-9999,-9999
1564,33,-9999,152763000,0,-9999,-9999
1565,33,-9999,106303000,0,-9999,-9999
1566,33,-9999,132748000,0,-9999,-9999
1567,33,-9999,144025000,0,-9999,-9999
1568,33,-9999,113828000,0,-9999,-9999
1569,33,-9999,81814400,0,-9999,-9999
1570,33,-9999,99535000,0,-9999,-9999
1571,33,-9999,111782000,0,-9999,-9999
1572,33,-9999,64805100,0,-9999,-9999
1573,33,-9999,141486000,0,-9999,-9999
1574,33,-9999,34643600,0,-9999,-9999
1575,33,-9999,62365300,0,-9999,-9999
1576,33,-9999,47436300,0,-9999,-9999
1577,33,-9999,50916500,0,-9999,-9999
1578,33,-9999,88801000,0,-9999,-9999
1579,33,-9999,26130800,0,-9999,-9999
1580,33,-9999,75394800,0,-9999,-9999
1581,33,-9999,64247300,0,-9999,-9999
1582,33,-9999,53110400,0,-9999,-9999
1583,33,-9999,55024300,0,-9999,-9999
1584,33,-9999,59462200,0,-9999,-9999
1585,33,-9999,77130100,0,-9999,-9999
1586,33,-9999,14652100,0,-9999,-9999
1587,33,-9999,100667000,0,-9999,-9999
1588,33,-9999,63735700,0,-9999,-9999
1589,33,-9999,32727400,0,-9999,-9999
1590,33,-9999,28392800,0,-9999,-9999
1591,33,-9999,24838900,0,-9999,-9999
1592,33,-9999,57908900,0,-9999,-9999
1593,33,-9999,58976400,0,-9999,-9999
1594,33,-9999,33432500,0,-9999,-9999
1595,33,-9999,43126100,0,-9999,-9999
1596,33,-9999,34876600,0,-9999,-9999
1597,33,-9999,41265000,0,-9999,-9999
1598,33,-9999,32388800,0,-9999,-9999
1599,33,-9999,17348900,0,-9999,-9999
1600,33,-9999,35471600,0,-9999,-9999
1601,33,-9999,12261700,0,-9999,-9999
1602,33,-9999,48742100,0,-9999,-9999
1603,33,-9999,32473900,0,-9999,-9999
1604,33,-9999,49397300,0,-9999,-9999
1605,33,-9999,38746600,0,-9999,-9999
1606,33,-9999,56451000,0,-9999,-9999
1607,33,-9999,38753900,0,-9999,-9999
1608,33,-9999,38843800,0,-9999,-9999
1609,33,-9999,9950630,0,-9999,-9999
1610,33,-9999,19511100,0,-9999,-9999
1611,33,-9999,7416190,0,-9999,-9999
1612,33,-9999,28183500,0,-9999,-9999
1613,33,-9999,34689700,0,-9999,-9999
1614,33,-9999,52710600,0,-9999,-9999
1615,33,-9999,26839400,0,-9999,-9999
1616,33,-9999,35818900,0,-9999,-9999
1617,33,-9999,14302900,0,-9999,-9999
1618,33,-9999,25344700,0,-9999,-9999
1619,33,-9999,10792400,0,-9999,-9999
1620,33,-9999,16524900,0,-9999,-9999
1621,33,-9999,7556970,0,-9999,-9999
1622,33,-9999,43270300,0,-9999,-9999
1623,33,-9999,9012570,0,-9999,-9999
1624,33,-9999,18585400,0,-9999,-9999
1625,33,-9999,7544240,0,-9999,-9999
1626,33,-9999,53632400,0,-9999,-9999
1627,33,-9999,54190600,0,-9999,-9999
1628,33,-9999,728048000,0,-9999,-9999
1629,33,-9999,21044000,0,-9999,-9999
1630,33,-9999,105981000,0,-9999,-9999
1631,33,-9999,138341000,0,-9999,-9999
1632,33,-9999,130958000,0,-9999,-9999
1633,33,-9999,144242000,0,-9999,-9999
1634,33,-9999,13943200,0,-9999,-9999
1635,33,-9999,35607800,0,-9999,-9999
1636,33,-9999,49101000,0,-9999,-9999
1637,33,-9999,54078000,0,-9999,-9999
1638,33,-9999,92886200,0,-9999,-9999
1639,33,-9999,51342800,0,-9999,-9999
1640,33,-9999,24964900,0,-9999,-9999
1641,33,-9999,81177100,0,-9999,-9999
1642,33,-9999,15332000,0,-9999,-9999
1643,33,-9999,37861300,0,-9999,-9999
1644,33,-9999,62767700,0,-9999,-9999
1645,33,-9999,17778200,0,-9999,-9999
1646,33,-9999,17945200,0,-9999,-9999
1647,33,-9999,46352300,0,-9999,-9999
1648,33,-9999,24213800,0,-9999,-9999
1649,33,-9999,9964540,0,-9999,-9999
1650,33,-9999,10961100,0,-9999,-9999
1651,33,-9999,9473070,0,-9999,-9999
1652,33,-9999,5302400,0,-9999,-9999
1653,33,-9999,7979720,0,-9999,-9999
1654,33,-9999,5706340,0,-9999,-9999
1655,33,-9999,73667500,0,-9999,-9999
1656,33,-9999,80414700,0,-9999,-9999
1657,33,-9999,109656000,0,-9999,-9999
1658,33,-9999,0,0,-9999,-9999
1659,33,-9999,0,0,-9999,-9999
1660,33,-9999,0,0,-9999,-9999
1661,33,-9999,0,0,-9999,-9999
1662,33,-9999,0,0,-9999,-9999
1663,33,-9999,0,0,-9999,-9999
1664,33,-9999,0,0,-9999,-9999
1665,33,-9999,0,0,-9999,-9999
1666,33,-9999,0,0,-9999,-9999
1667,33,-9999,0,0,-9999,-9999
1668,33,-9999,0,0,-9999,-9999
1669,33,-9999,0,0,-9999,-9999
1670,33,-9999,0,0,-9999,-9999
1671,33,-9999,0,0,-9999,-9999
1672,33,-9999,0,0,-9999,-9999
1673,33,-9999,0,0,-9999,-9999
1674,33,-9999,0,0,-9999,-9999
1675,33,-9999,0,0,-9999,-9999
1676,33,-9999,0,0,-9999,-9999
1677,33,-9999,0,0,-9999,-9999
1678,33,-9999,0,0,-9999,-9999
1679,33,-9999,0,0,-9999,-9999
1680,33,-9999,0,0,-9999,-9999
1681,33,-9999,0,0,-9999,-9999
1682,33,-9999,0,0,-9999,-9999
1683,33,-9999,0,0,-9999,-9999
1684,33,-9999,0,0,-9999,-9999
1685,33,-9999,0,0,-9999,-9999
1686,33,-9999,0,0,-9999,-9999
1687,33,-9999,0,0,-9999,-9999
1688,33,-9999,0,0,-9999,-9999
1689,33,-9999,0,0,-9999,-9999
1690,33,-9999,0,0,-9999,-9999
1691,33,-9999,0,0,-9999,-9999
1692,33,-9999,0,0,-9999,-9999
1693,33,-9999,0,0,-9999,-9999
1694,33,-9999,0,0,-9999,-9999
1695,33,-9999,0,0,-9999,-9999
1696,33,-9999,0,0,-9999,-9999
1697,33,-9999,0,0,-9999,-9999
1698,33,-9999,0,0,-9999,-9999
1699,33,-9999,0,0,-9999,-9999
1700,33,-9999,0,0,-9999,-9999
1701,33,-9999,0,0,-9999,-9999
1702,33,-9999,0,0,-9999,-9999
1703,33,-9999,0,0,-9999,-9999
1704,33,-9999,0,0,-9999,-9999
1705,33,-9999,0,0,-9999,-9999
1706,33,-9999,0,0,-9999,-9999
1707,33,-9999,0,0,-9999,-9999
1708,33,-9999,0,0,-9999,-9999
1709,33,-9999,0,0,-9999,-9999
1710,33,-9999,0,0,-9999,-9999
1711,33,-9999,0,0,-9999,-9999
1712,33,-9999,0,0,-9999,-9999
1713,33,-9999,0,0,-9999,-9999
1714,33,-9999,0,0,-9999,-9999
1715,33,-9999,0,0,-9999,-9999
1716,33,-9999,0,0,-9999,-9999
1717,33,-9999,0,0,-9999,-9999
1718,33,-9999,0,0,-9999,-9999
1719,33,-9999,0,0,-9999,-9999
1720,33,-9999,0,0,-9999,-9999
1721,33,-9999,0,0,-9999,-9999
1722,33,-9999,0,0,-9999,-9999
1723,33,-9999,0,0,-9999,-9999
1724,33,-9999,0,0,-9999,-9999
1725,33,-9999,0,0,-9999,-9999
1726,33,-9999,0,0,-9999,-9999
1727,33,-9999,0,0,-9999,-9999
1728,33,-9999,0,0,-9999,-9999
1729,33,-9999,0,0,-9999,-9999
1730,33,-9999,0,0,-9999,-9999
1731,33,-9999,0,0,-9999,-9999
1732,33,-9999,0,0,-9999,-9999
1733,33,-9999,0,0,-9999,-9999
1734,33,-9999,0,0,-9999,-9999
1735,33,-9999,0,0,-9999,-9999
1736,33,-9999,0,0,-9999,-9999
1737,33,-9999,0,0,-9999,-9999
1738,33,-9999,0,0,-9999,-9999
1739,33,-9999,0,0,-9999,-9999
1740,33,-9999,0,0,-9999,-9999
1741,33,-9999,0,0,-9999,-9999
1742,33,-9999,0,0,-9999,-9999
1743,33,-9999,0,0,-9999,-9999
1744,33,-9999,0,0,-9999,-9999
1745,33,-9999,0,0,-9999,-9999
1746,33,-9999,0,0,-9999,-9999
1747,33,-9999,0,0,-9999,-9999
1748,33,-9999,0,0,-9999,-9999
1749,33,-9999,0,0,-9999,-9999
1750,33,-9999,0,0,-9999,-9999
1751,33,-9999,0,0,-9999,-9999
1752,33,-9999,0,0,-9999,-9999
1753,33,-9999,0,0,-9999,-9999
1754,33,-9999,0,0,-9999,-9999
1755,33,-9999,0,0,-9999,-9999
1756,33,-9999,0,0,-9999,-9999
1757,33,-9999,0,0,-9999,-9999
1758,33,-9999,0,0,-9999,-9999
1759,33,-9999,0,0,-9999,-9999
1760,33,-9999,0,0,-9999,-9999
1761,33,-9999,0,0,-9999,-9999
1762,33,-9999,0,0,-9999,-9999
1763,33,-9999,0,0,-9999,-9999
1764,33,-9999,0,0,-9999,-9999
1765,33,-9999,0,0,-9999,-9999
1766,33,-9999,0,0,-9999,-9999
1767,33,-9999,0,0,-9999,-9999
1768,33,-9999,0,0,-9999,-9999
1769,33,-9999,0,0,-9999,-9999
1770,33,-9999,0,0,-9999,-9999
1771,33,-9999,0,0,-9999,-9999
1772,33,-9999,0,0,-9999,-9999
1773,33,-9999,0,0,-9999,-9999
1774,33,-9999,0,0,-9999,-9999
1775,33,-9999,0,0,-9999,-9999
1776,33,-9999,0,0,-9999,-9999
1777,33,-9999,0,0,-9999,-9999
1778,33,-9999,0,0,-9999,-9999
1779,33,-9999,0,0,-9999,-9999
1780,33,-9999,0,0,-9999,-9999
1781,33,-9999,0,0,-9999,-9999
1782,33,-9999,0,0,-9999,-9999
1783,33,-9999,0,0,-9999,-9999
1784,33,-9999,0,0,-9999,-9999
1785,33,-9999,0,0,-9999,-9999
1786,33,-9999,0,0,-9999,-9999
1787,33,-9999,0,0,-9999,-9999
